user,comment
britneyspears,Verified
jennaandrade1979,She rushes through everything she does like shes about yo get kidnapped
chrsminton,Lovely you lol
micronesian_love_18,@rebornabeast where we went
jpace89,@sadierombach_k21
randidandi84,@anworsham check out the suit
shala_yay,ğŸ˜‚
keldecks,Lmao @paigeebrittany us in Hawaii
dmlien,@haleyvik @carlimurphy rising in the A.M. of the morning... beautiful.
nick_prescott,@estupnitsky rising in the AM of the morning
morton_jlf,Whats the song
_laurendowling_,@kate_huddo
bluemountainbel,Yâ€™all @ashfoerhugs @kristeliwatson @blairsie2
srtimcook,ğŸ˜ğŸ˜ğŸ˜ğŸ˜ğŸ˜ğŸ˜ğŸ˜ğŸ˜ğŸ˜
mermaidlove1111,4 million people have already watched this little tiny video.....?
tricountyfrenchies,@tradepapi_
laurenn.bu,@ashhhley.hope ok Iâ€™ll talk to you in the AM of the morning. Nite babe ğŸ˜‚ğŸ˜˜
oliviaguli,Spring break 2009 @jonahcooper21
greghvnsen,ROCK MY FACE OFF
ghirotti_eli,Dove sei di bello...brava hai bisogno di questo..
gypsy_belladonna,ğŸ¦ˆ mommy shark doo doo doo doo ğŸ¦ˆğŸ’™ğŸŒ¸
t_m_coop,@_sara_with_an_h
karalarissa_,â€œRising in the am of the morningâ€ ğŸ‘ @juanytsunami @lindzlouxo
hill_thrower,@angbyrnespiper lol
mackenzieheddy,@sararowan_
justjess124,@thedryhousechic
rastasophi,Rising in the am of the morning ğŸ˜…ğŸ˜‚ Iâ€™m crying @mackenziepenney
juliafharrison,@sunday.chandy
brittanyhayes,@snik2305 rising in the am of the morning
kalyhayden,@chelsipeterzalek â€œrising in the am of the morningâ€ ğŸ¤¦ğŸ½â€â™€ï¸ğŸ¤¦ğŸ½â€â™€ï¸ğŸ¤¦ğŸ½â€â™€ï¸ this girlğŸ¤¦ğŸ½â€â™€ï¸
lin428,@kimmanfrecomedy
asht1120,@erin_vogel325 ğŸ¤·ğŸ»â€â™€ï¸ğŸ¤·ğŸ¼â€â™‚ï¸ğŸ¤·ğŸ½â€â™‚ï¸ğŸ¤·ğŸ»â€â™€ï¸
gracieknight_,this video deserves global recognition @imiheggie
carlyrose29,@amydesgeorges
1jenbunny,@erinkelley0424
jackson_9210,Very Hot ğŸ”¥ğŸ”¥ğŸ”¥
sophiahannah13,@atlauritahill
princess_amira_11,Nice place Ø¬Ù…ÙŠÙ„
kaitleech,@e_parsons5  wtf ğŸ˜‚
marydailey,@kateymallon
elemeno3,@samantha.rae.goodman this one
corinne_amyyy,@taayyy_tay_ann
alyssa_0418,@caitlin0619
brunopinky,ğŸ’œTEğŸ’–ğŸ’– AMOOOOOOOOOOOOOOOOOğŸ’œğŸ’œğŸ’œğŸ’œğŸ’œğŸ’œOOOOOOOOOğŸ’–ğŸ’™ğŸ’™
shas.tt,Is she doing choreography in the water? Wtf
mrs.beccarich,Philosophical needle
kristagerard1,@_jacobs â€œrising in the AM of the morningâ€ ğŸ˜‚ oh Brit...
carydoll,Yâ€™all need to take care of this girl. You couldnâ€™t scrape up a friend for her? She just running around for people holding phones or cameras. Put the media away and let this chick rest and heal.
imiheggie,@gracieknight_  best one yet
jacobanthony_r,Come to Puerto Rico Britney !!!
jaybailey2012,Jesus britney
e_parro,@mandymessinger
jli_322,@_cole_paulsen seriously though what is happening
harionmolden,@jaime__mason
daniassss_spamzzz,Song?
megan_fenstermacherrr,@tanner.jacobss
helgapatacki,@vanessapleva the really fast bike ğŸ˜‚
mille140,@ecmiller13
mol_christine23,@haleybax1664
celinagongaelvis,I love this video. You have such a great talent . Love the song
barbaraaabonita,ğŸ˜‚ğŸ˜‚ğŸ˜‚ğŸ˜‚ğŸ˜‚
tenp980,â¤ï¸â¤ï¸â¤ï¸â¤ï¸
tenp980,ğŸ˜ğŸ˜ğŸ˜ğŸ˜
b_elizabeth28,@aleeshataryn
claireegault,Rising in the A.M. of the morning @megkegs
beccaheatherr,@jmillz029
kayleighsalem,@rachellsalem
katiemccarthy1996,"@kearnsrobbie rising in the am of the morning, same Brit"
fabflow,@kalenejeans
greghvnsen,IM OUT TO LUNCH
imax000,What a life....!!!! Brit. ğŸ˜ğŸ˜ğŸ˜ğŸ˜ğŸ˜
florencia_circosta,Queeeeen! ğŸ™ŒğŸ™ŒğŸ™ŒğŸ’“
smohammad_66,faluw
sam_parr91,@chloe_sweetman
ambshuck,Cute bikini! Snorkeling is so fun ğŸ 
britneyspearsmyidol,MY BEAUTIFUL QUEEN â¤ï¸
carlotapaynter,@laurentz__
carlotapaynter,@madsandrews
laviniamatteucci,@superlemonace
britney.britney.britney,OMG ğŸ’– ğŸ’– ğŸ’– ğŸ’– ğŸ’– ğŸ’– ğŸ’–
alice.alicewalsh,Where is that Brit best alice
rds806,@starrxsarahh  letâ€™s go ride bikes and go to the beach: like forreal letâ€™s start saving today
missemilyyb,@nicolebennett__
nanymusicaoficial,ğŸ¤£ğŸ¤£ğŸ¤£ğŸ¤£ğŸ‘ğŸ‘ğŸ‘
ceciliaaward,rising in the AM of the morning â¤ï¸
elizabethhoneyy,@sej.___  she looks good here
estelle_k_crawford,Looks amazingğŸ˜ğŸ’œğŸ’–
jesus.ochoacoria,ğŸ˜˜ğŸ’œğŸ’–ğŸŒ·
jaquelineroberta,Barbie
kmeskie,@selenaclarke â€œrising in the AM of the morningâ€ is my new favorite line ğŸ˜‚
samanticant,@terri_lynn ğŸ¤·ğŸ»â€â™€ï¸ ğŸŠâ€â™€ï¸ ğŸ¦ˆ
astday90,@davidninoherrera Ã‰ste!
serg.calvillo,@marypopplns
jennysp23,@iammitchreid bikini goals ğŸ˜
kellorg4,â€œRising in the am of the morningâ€ @chelseatropeano
natashalvb,I miss your southern accent!
pix.h8s.pics,@rachealkizz dude...
le_chaves88,"Iâ€™m happy to see you, @britneyspears so happy...ğŸ˜‰"
jenjen3474,@lexyngtn
katyerrock,@pantha3697 rising am of the morning
meghanjayde,@__alexwalsh shhhhARKS
hollywoodpositive,Britney the snorkel Queen ğŸ‘‘ğŸ’–
sarah_donaldson1,@hollie.burgess @__chloejovanovic IM WEAZINGGG ğŸ˜‚ğŸ˜‚ğŸ˜‚
sarahkronk,@caitkronk
becky.kos,@c0llweenie @kingkileyxo @aubsanne
alypicturedit,Looks like a beautiful place!â¤ï¸
abigailroze,Omg were you at Parrot Cay?? I stayed there this past winter. Amazing!
monicaalfieri,@ak_40devon  the way she whispers â€œsharksâ€
brookehuerter,@bawstondahling Britneyâ€™s Instagram is so important to me
leathermommyfitness,@lburned shoulda shot this kinda content in Palm Springs
vicky_lanes,@she2587 @allie_anna rising in the am of the morning .........
lucyskycreative,Is this a video for ants? ğŸ§
candace.bain_,The more you listen to the first part the funnier it is. @bainofyrexstnce  wtf is up with her
chuytbfh,biiitch ğŸ˜ğŸ”¥
que_lujo,https://youtu.be/fge78Gv0f1E
sweethal24,@shanagram___  rising in the am of the morning ğŸ¤·ğŸ»â€â™€ï¸ entire video no snorkeling? ğŸ¤·ğŸ»â€â™€ï¸ğŸ¤·ğŸ»â€â™€ï¸ğŸ¤·ğŸ»â€â™€ï¸
graceetripp,@moscatem
stinaosv,@vicktoriaweglin varfÃ¶r gÃ¶r inte du sÃ¥nna hÃ¤r videos?? Hahaha
malamping,â€œRising in the AM of the morningâ€ ğŸ˜‚ğŸ˜‚ğŸ˜‚ğŸ˜‚ğŸ˜‚ğŸ˜‚ @cerkeleybombs
merylpataky,Sharks are great!  What do u mean?
jo_holli,@bextoblib
hannahmariebebe,@jamespw_97_  lol
dommyfooska,YoungneyğŸ¤©
keviab2b81,Where is that? Looks beautiful!
seawall92,Rising in the AM of the morning @hanna_cailan_bee
lucia.grcc,@alejandravlzzz hasta britney sabe hacer pinos
kapluker,Beautiful
leigh_deason,@megan_a_casey
tytyaan,"ĞĞ° Ğ¿Ğ¾ÑĞ»ĞµĞ´Ğ½Ğ¸Ñ… ÑƒĞ¼ĞµĞ½ÑŒÑˆĞµĞ½Ğ½Ñ‹Ñ… ĞºĞ°Ğ´Ñ€Ğ°Ñ… ĞºĞ°ÑĞºĞ°Ğ´Ñ‘Ñ€? ĞŸĞ¾Ğ´ĞºÑ€Ğ°Ğ´Ñ‹Ğ²Ğ°ÑÑ‚ÑÑ ÑĞ¾Ğ¼Ğ½ĞµĞ½Ğ¸Ñ , Ñ‡Ñ‚Ğ¾ ÑÑ‚Ğ¾ Ğ½Ğµ Ğ‘Ñ€Ğ¸Ñ‚Ğ½Ğ¸."
westhighlandterror,@mumbunhoney
colbyejames,@jiillyybeaann changed my mind
heathcurtis,@omgjamiecakes
komal_153045,à¤®à¥à¤à¤¸à¥‡ à¤¦à¥‹à¤¸à¥à¤¤à¥€ à¤•à¤°à¤¨à¥‡ à¤•à¥‡ à¤²à¤¿à¤ à¤®à¥à¤à¥‡ à¤«à¥‰à¤²à¥‹ à¤•à¤°à¥‹ à¤®à¥ˆà¤‚ à¤¦à¥‹à¤¸à¥à¤¤à¥€ à¤•à¤°à¤¨à¤¾ à¤šà¤¾à¤¹à¤¤à¥€ à¤¹à¥‚à¤‚ğŸ”¥ğŸ”¥ğŸ”¥
momin5100,ä½ å¼€å¿ƒæœ€é‡è¦
mbgdnsky,@jaynavrocky to my
disneylove427,@carlyhuman...this ğŸ˜‚
norb_los_angeles,ğŸ˜˜ğŸ”¥
andrecarlosnerydossa,Mulher linda! nunca deixa de ser gostosa!
xo_tiffn,Rising in the am of the morning ğŸ˜‚ğŸ˜©. Great. Britney is on crack again. ğŸ¤£ğŸ˜©
gypsy_belladonna,I love seeing you enjoying your life ğŸ§œâ€â™€ï¸
beccas411,â¤ï¸
the.chronicles.of.tara,"Also, letâ€™s rise in the am of the morning to find some pastries ğŸ¥@fionagracestewart"
ceciliamx,Brit please hire me
ge.android,Love singer
yam_312,ğŸ˜Š
addisongcox,@chloe_anna_ thought of you honey ğŸ’˜ğŸ’˜
stevwinter,ğŸ”¥ğŸ”¥ğŸ”¥
princejoshuavet,ğŸ’œğŸ’œğŸ’œğŸ’œğŸ˜ğŸ˜ğŸ˜ğŸ˜ğŸ™ŒğŸ™ŒğŸ™ŒğŸ™ŒğŸ™ŒğŸ™ŒğŸ™ŒğŸ™Œ
burkebrabson,Thinking about this @paigejustine @caro_meehan
grantdean,RISING IN THE AM OF THE MORNING
speliza,@pjeanwetterling ğŸ˜³
jordanashtonsmith,Queen of hopefully not finding any sharks
andreasbrandejsky,Good day today.
jennakarppinenn,@topielmo  niinku mitÃ¤ taas tÃ¤mÃ¤kin?ğŸ˜‚
vinylmother,ğŸ’ğŸ’ğŸ’
vinylmother,ğŸ¦‹ğŸ¦‹ğŸ¦‹ğŸ¦‹ğŸ¦‹ğŸ¦‹ğŸ¦‹ğŸ¦‹
i.am.gw,@mollywile rising in the am of the morning !!! I live. @nikkigilbs
awilda_19,@reisybeauty
cpalme16,@misskd23 is there really a better time to rise ğŸ¤·â€â™€ï¸
instapfau,@insta.kate1
rohalmeidaa,Queen
cacophonouskevos,the video getting smaller and smaller is supposed to be a metaphor for death right
im_infamous4,@fcmgatorfan
almuhlbauer,"â€œMom, take my picture!â€"
juuliopires,GOSTOSAA
sheennkeen,oh my god..
morganicmillerr,@kalynblaire
ivolrey,(Miralo hasta el final) Yo editando videos de Taller en 2017 @rociomesias
michaelderojas,@brianna_rose us in Mexico ğŸ˜‚
general_hulk,No wonder your so in shape ; â€œ your so active.â€
posadalily,@ebly ğŸ˜‚
myreasonstobreathe,I love Britney AND I love Enrique. This is a dream come true ğŸ˜
alex.chiasson,@hayleymakowskii
missmeowburg,@thumbeleeena the AM of the Morning
nina_ekoko,@sanniiolivas rising in the AM of the morning!ğŸ˜­
katyhaas,Too small brit!
janaevan,@ac0183 rising in the am of the morning ğŸ¤·ğŸ»â€â™€ï¸
miaanneriley,@prisonmikedm
becamendez,@mrfluffyisthedevil ğŸ¤£
coast_2009,å¥³ç¥å°±æ˜¯å¥³ç¥
marissalea1,@jesska2007
jeffch1970,Omfg
leylagibisev,@leylagibisev ğŸ‘ˆ
pokerdetroit,very nice
thatjoeybaby,@msbrittnayyy ğŸ¤£
bridal_by_chelsea,@chasepeacock in the ğŸ‘ğŸ»ağŸ‘ğŸ»m ğŸ‘ğŸ»of the ğŸ‘ğŸ»morğŸ‘ğŸ»ning
manueleoliveira22,ğŸ‘ğŸ‘ğŸ‘ğŸ‘ğŸ‘ğŸ‘ğŸ‘ğŸ‘
manueleoliveira22,ğŸ˜ğŸ˜ğŸ˜ğŸ˜ğŸ˜ğŸ˜ğŸ˜ğŸ˜
manueleoliveira22,ğŸ‰ğŸ‰ğŸ‰ğŸ‰ğŸ‰
manueleoliveira22,ğŸ™ŒğŸ™ŒğŸ™ŒğŸ™ŒğŸ™ŒğŸ™ŒğŸ™Œ
stevestan0,Sharkney
lauraniicole,@debo_deee rising in the am of the morning ? Lmao?
cyl075243,ğŸ˜ğŸ˜ğŸ˜‚
realkinngcarnes,Looking really great work been there though that if I could do it should be no harder plus I was much older!!! Waiting for your come back!!!!!! Loving you â¤ï¸â¤ï¸ğŸŒ¹ğŸŒ¹ğŸŒ¹ğŸ”¥ğŸ”¥ğŸ”¥ğŸ˜˜ğŸ˜˜ğŸ™ğŸ™ğŸ™
lilyoneilllleyy,So isnâ€™t roman holiday supposed to play
lilfrankel,"""in the am of the morning"" @analouiserix"
yeniel.rios,Cuba NEXTâ¤ï¸ğŸ˜»ğŸ˜½
debbieilluminate,Enjoyable summer time fun!
marcellosaymmon,YOU DESERVE ALL OF THE GOOD THINGS IN THIS WORLD ğŸ’–âœ¨
rhirhi_insta,Pull your pants up ğŸ™„
callan.liam,ğŸ”¥ğŸ”¥
beccas411,â¤ï¸
beccas411,â¤ï¸
tashelliott_,@tresmurace
alaura_dev,Get a better video editor. Youâ€™re to rich for this garbage lol
b.alicia.c.88,@samijo922 read @delusiadrag â€˜s comment ğŸ˜‚ğŸ˜‚ğŸ¤£ğŸ¤£ğŸ¤£ğŸ¤£
niacastilloro,Where??
steve.parham.733,U can ride on my face anytime damm nice jay jay ğŸ”¥ğŸ”¥ğŸ”¥ğŸ”¥
iamskby5,bacÄ±m ne yapÄ±yon amk
silviaaa23,@brucewaynelee32 â€œrising in the AM of the morningâ€ ğŸ¤£ğŸ¤¦ğŸ»â€â™€ï¸
coulterapril,I have that bathing suit. Love it.
rezalionne,mucho caliente~ğŸ”¥â˜€ğŸŒ¶ğŸ¥µâ™¨
nathangary,Check out @Sharkbanz
suzanne.brady,Watch out for the sharks !
talsxk,@hanaharris @phoebe_robb_ living her best in the AM
laylafaithking,Me trying to get all 5000 words in an essay
bitcoin_ruffian,â¤ï¸â¤ï¸â¤ï¸â¤ï¸
zingostarrr,The hell?
gigilovesalice,@gingning17 see what I'm talking about? The things she says!
zoebomas,Queen
mariadelcarmenandradezurita,Speedy GonzÃ¡les. ğŸ˜‚ğŸ˜‚ğŸ˜‚ğŸ˜‚
msceciliadarling,Are you ok now â¤ï¸
msceciliadarling,â¤ï¸
jwanjojo26,@berevan.jaafar
helena_monroe,Amor de mi vida â™¥ï¸
nleapentz,What island Im on Bimini Im your biggest fan
ignaciocruzrocha,ğŸ˜®ğŸ˜®ğŸ˜®
_asstap,@pucy4
uncle_v_1978,I thought she was gonna drop her drawersâ˜¹ï¸â˜¹ï¸â˜¹ï¸â˜¹ï¸party foul
gerris909,Queen of triathlons ğŸ˜ğŸƒğŸ¼â€â™€ï¸ğŸš´ğŸ¼â€â™€ï¸ğŸŠğŸ»â€â™€ï¸â¤ï¸
buckdear,@__lindsayhenderson @ccrews88 â€œrising in the am of the morningâ€. Makes sense ğŸ¤·ğŸ¼â€â™€ï¸
meganpcollier,@christoslappas rising in the am of the morning
louiis_3193,"Mira, podrÃ­as enseÃ±arle a milla a hacer un cuadrado perfecto con el abdomen de Britney jajaj @jljoselu  @larigtzm"
justonestick,â¤ï¸
sbaily84,@kerrybaily @xxemma_bailyxx ğŸ˜‚ rising in the AM of the morning lol
emmaandre9,"You are very very beautiful Britney, I speak english a little because I am french and I love you so much â™¥ï¸â™¥ï¸ je t'adore Britney !!"
beccas411,â¤ï¸
beccas411,â¤ï¸
beccas411,"@dickfraser swear I have put a â¤ï¸ on this three times, it keeps getting deleted"
naughtyy_naturee,Can someone please tell me the name of this song lmao
ronnylemaitre,ğŸ˜ğŸ˜˜
breeko_,@francelisemcg
eleanorgking,@thefuturemrs_c â€œrising in the AM of the morningâ€ legendary
michaelhorodowicz,I like the bike part.
zarryshadow,"How cute! Have a fun time Britney, you deserve it and plenty more!! ğŸ’–ğŸ’–"
mashaimaech,She's swimming in the shore
jamiereisetter,@joelle_meineke @nataleeanet
e7motivation,ğŸ”¥ğŸ”¥
oldemarmelloalberga,Lovely perfect look ğŸ˜ for more
emhayes17,@annieehayes
em090,Where are her kids
gene_chrastil,Wow look so hot beautiful too ğŸ˜ğŸ”¥ğŸ˜˜â¤ï¸ğŸŒ¹ğŸ’•ğŸ‘„ğŸ’‹
wishuwere_hair,New Spanish songs ğŸ˜€ğŸ˜€I got it
corrie.elizabeth,â¤ï¸ğŸ¤—âœ¨
gisel_esc,Wow ğŸ˜â¤ï¸â¤ï¸â¤ï¸
luz.paz.58,I lovedâ™¥ï¸â™¥ï¸â™¥ï¸ğŸ˜‡
erinerinboberin,@haileytappan are you rising in the AM of the morning?
punkychrissy,"Have fun, NO MATTER WHAT. â¤ï¸"
chris1starlight,ğŸ’ŸğŸ’ŸğŸ’ŸğŸ’ŸğŸ’ŸğŸ’ŸğŸ’ŸğŸ’ŸğŸ‘
hjs116,"Te ves, eres y seguirÃ¡s siendo hermosa ğŸ˜˜ğŸ˜ğŸŒ¹"
markiemcmanus,"Soooo pretty fresh faced, vacation queen! ğŸ”¥"
maddiegaither_,@kakohl1 AM of the morning
whybarbaraa,@dann.silva98  ta surtada? Ta. Mas continua linda siimm
jessie_boyce,@stephenoreilly_
aurelieavanzini,Where are your children ?
alicialar19,Its so beautiful i o love it lovve u britney spears
erinmariebeee,@persilvur_a I live for her
alanaoseland,@victoria_bugg
alesia3190,@gennaroman @amyjay25
mikebohling1,love it Britney
miltey1969,Postive fun times & really love music & seen you go galâ™¡.
wagnerkalla,ğŸ˜ğŸ˜ğŸ˜
sarahcutronern,Rising in the AM of the morning ? Say whaaaa?
katiewillis_,@jess_ollis Britney doesnâ€™t want to find sharks either ğŸ¦ˆ
marigirl_2012,@moniquee.vee
victorial305,@elena.an.guerra She even likes @enriqueiglesias ğŸ˜ğŸ˜‚
car_sunn,start a youtube channel PLEASE
katiee_henderson,@maddieertle
alanaleewhite,@selenebrenes
aon0825,â¤ï¸
chuyinamontiel,I love that song
goldengirl1005,@a.jan0
morecab,Take it off!!!
leafarchaves,Como assim eu nÃ£o topei com vocÃª nessa praia?? ğŸ˜•
julie_linz,@carriedeigh
orianzidow,You donâ€™t even say where you are. Thatâ€™s a nice homage to the earth and land you are using to destress.
mccartney.laine,@jessicawboehm rising in the a.m. of the morning
jeremiahwatson,@_emiliaevans_
gypsy_belladonna,I love seeing you enjoying this as much as you are ğŸŒ¸ you deserve every happy moment ğŸ§œâ€â™€ï¸
juliaferrariii,@allegrafilippetti this looks like the videos Iâ€™d make at 11
melissad799,@samanticant
laurelpresley,I canâ€™t anymore
adp5047,She ainâ€™t right @scrosswog
themeaganmalone,@tovahjessica Is there a PM of the morning? ğŸ˜‚
jo_wachholz,â¤ï¸â¤ï¸
chefman29,Wow! Lovs that bikini!
zack_khutsishvili,â¤ï¸
jordbewithyou,@swaggygracey @hayleyroberts25 â€œrising in the AM of the morningâ€ I cannot.
patricia10923,Love summer. Love you ğŸ’›ğŸ–ğŸŒ
victorial305,@elena.an.guerra She even likes @enriqueiglesias ğŸ˜ğŸ˜‚
lawrence.rob59,Show off beautiful
sophievazquez1017,Enjoy Turks and Caicos ... itâ€™s like our home away from home!! And yes check out the fish fry on Thursday
diemaroda,Cuando una cancion en EspaÃ±ol?
metal_cage,You in a bikini is my favorite thing Ever!!ğŸ˜ğŸ˜‰
venus,Verified
property_mym,â¤ï¸â¤ï¸ğŸ˜ğŸ¤¤
elianspears,me meo contigo
kameloualou,Putain elle s'arrÃªte npluuuuus @mehdisahed
ladyliath,Wear a helmet lovey!!!!
canania1186,Rising in the AM of the morning ğŸ˜­ @leesh_miller @katevolp
ladycori,@ablackman123
007royz,Looking great
trunghoa91,Love U. â™¥ï¸
niarfebaby,â¤ï¸ I love britney ğŸ˜˜ğŸ˜˜ğŸ˜˜
kyliethebig,@goodbye_kitty85 it must be for show right?
libtardd,ik yall hear nicki too
kyliethebig,@goodbye_kitty85 it must be for show right?
margriet_kaptein,@gannouna ğŸ¦ˆ
luuanacoelho,ğŸ˜ğŸ˜‚ Cute
kappazeta73,where are you? ğŸ˜Š
venu_chotu304,ğŸµ ğŸ¼ ğŸ¶ goes to @enriqueiglesias ğŸ’•ğŸ˜ğŸ¤·ğŸ¼â€â™‚ï¸
maria_santofimio90,ğŸ˜
courtney.emily,@amani_kimotho
monicawarrenrobinson,Do you really need to always act so aloof?
indewoods73,ğŸ¤¦ğŸ½â€â™€ï¸ğŸ¥›
magicalgoddess,@kvaio6 watch til the end
jentegrityjewelry,No friends?
b_meadowsregan,"Looks awesome, but looks lonely!"
dsclpabagunca,Living your best time ğŸ˜˜ğŸ˜˜ğŸ˜˜ğŸ˜˜ ğŸ‘‘ğŸ’œ
daniellelussier,@_philipdunphy
fabiola_villalta,ğŸ‡µğŸ‡ªğŸ‘
deaky_g7b,We love Britney ğŸ’Ÿ
mhsnmhmdy286,ÙÙ‚Ø· Ø¨Ú†Ù‡ Ù‡Ø§ÛŒ Ù…Ø´Ù‡Ø¯ğŸ’–ğŸ’–
vampydida,@aria_cio io mi schianto a vederla!!
mojiarbabi,ğŸ‘
sarahsarkos,@hannahsch1
sesnellgrove,@lb0ne
kt_fuller,@jaime_adams
justsuhena,Britney living her best life ğŸ˜
caldirolafarm,Toujour aussi beautyful britneyğŸ”¥ğŸ”¥ğŸ”¥ğŸ˜ğŸ˜ğŸ’‹
cassioserradeoliveira,Sempre muito exÃ³tica
henri_ettakate,@gretelwaugh girl we GOIN
sasha_zelenova_,ğŸ˜’ğŸ˜’ğŸ˜’
kb_bullet,@kelsie_jonesx
3mmalin3,.
kristapachuta,@0822os
mahalodaily,Hit me baby one more timeğŸ˜â¤ï¸ğŸ’—ğŸ‘Š
benbrooklyn184,Looks like fun! ğŸ™ƒğŸŒ…ğŸ¦ˆğŸš¤ğŸŒ´ğŸ˜ P.S. You look awesome! ğŸ™‚ğŸ‘
ummm_bella,Sheâ€™s rising in the AM of the morning @meeeeeeeeeeg_
stephieed,@kmunns22 @lhartiga
tonezgram,I'm the same but in the evening of the PM
somarlavelous,@4evacheese enjoy Hawaii mars
edsonmen,@aguilareuni
claire34adams,All hail Britney
oscararturomelend,Buenos dÃ­as que tengas buen
hartwick.jason,Would love to snorkel with you Britney
qulemantyne,Britney au camping @mrsc3liia ğŸ˜‚
aerial_ivy_,It looks like a paradise)
mathildaahanna,@gayga ğŸ˜
charlzi_,"Hire a person who can do video collage for you, I mean seriously ğŸ˜"
babygj25,â¤ï¸â¤ï¸â¤ï¸ğŸ˜ğŸ˜ğŸ˜
liagorgon,@soglex @zarcmad @irian_leone #chanquete fan ta si a.
belkisvegas11,EXELENCIAS Exelencia Espectacular Excelente
sasa_esp,ğŸŒ¹ğŸŒ¹ğŸŒ¹ğŸŒ¹ğŸŒ¹â¤ï¸â¤ï¸â¤ï¸â¤ï¸â¤ï¸ğŸ’‹ğŸ’‹ğŸ’‹ğŸ’‹ğŸ‘ğŸ‘ğŸ‘ğŸ‘ğŸ‡®ğŸ‡¹ğŸ‡®ğŸ‡¹ğŸ‡®ğŸ‡¹ğŸ˜ğŸ˜
andonjoshi,ğŸŒ·ğŸŒ·ğŸŒ·ğŸŒ·ğŸŒ·ğŸŒ·â¤ï¸ğŸ”¥ğŸ‘ğŸ˜
alexnewton51,@clairelouisemo rising in the am of the morning
nicola.friederike,â¤ï¸â¤ï¸â¤ï¸
delliefletch,@immi_bennett â€œrising in the am of the morningâ€.....
tjd818,What is your daily meal plan??
ru55man,ğŸ˜²
b4bybemine,Tell me Iâ€™m not the only one who heard Roman Holiday when she was on the bike..
xsmolentseva,ğŸ”¥ğŸ”¥
feelinmaudi_,@lozzvest
frankzorabedian,@britneyspears Iâ€™m glad your finally taking some time for yourself. Your a hard worker and a great mom! Keep enjoying !! Looking good as always Brit ! â¤ï¸
kiioni,you are so interesting
salmoush1,@oum_samifr @kewkewkat pk elle baisse sa kilotte?? Elle est mâ€™Ã©nerve
sushmawaller,The pause before â€œSHARKSâ€
frantzkristina,"Love the bikini, need to find it"
graciegalhawthorne,@ellie_ww
nomenclaturadichirompeilcaxxo,Siiiiiiii
instytam,@byurong not sure
o.ne.0,@lara.shad @matijamaxvidovic
boroznovslavik,"Ğ¡Ñ‚Ñ€Ğ°ÑˆĞ½Ğ°Ñ ÑÑ‚Ğ°Ğ»Ğ° ,Ğ² ĞµĞµ Ğ²Ğ¾Ğ·Ñ€Ğ°ÑÑ‚Ğµ Ğ¼Ğ½Ğ¾Ğ³Ğ¸Ğµ Ğ¾Ñ‡ĞµĞ½ÑŒ Ñ…Ğ¾Ñ€Ğ¾ÑˆĞ¾ Ğ²Ñ‹Ğ³Ğ»ÑĞ´ÑÑ‚ ğŸ¤£"
erinan411,Pine cay??
emmanuelle.caroline.58,Hope u had fun â¤ï¸ğŸ˜Š
faridesadr,ğŸ‘ŒğŸ‘ŒğŸ‘ŒğŸ‘ŒğŸ‘ŒğŸ‘ŒğŸ‘Œ
aylabeaufils,ğŸ˜ğŸ˜ğŸ˜ğŸ˜ @holliecosgrove
rhibrai,@blinding_son @mollbrailsford_
domashniaia_konditerskaia_,how is britney good without this eyeliner .. so pretty ğŸ˜ğŸ˜I would like to clip as in ancient times.
holl2004and,Sweet .. Enjoy girl
mel_georgie,@sarah.ioannou
nolivi2,@ktmontalbano  Iâ€™m skinny I promise
bre_brickle,@kinleighsmommy19
ip_robokaite,"Ğ’Ğ¾Ğ¾Ğ±Ñ‰Ğµ Ğ½Ğ°ÑÑ‚Ğ¾ÑÑ‰ĞµĞµ Ğ¼Ğ¾Ñ€Ğ¾Ğ¶ĞµĞ½Ğ¾Ğµ Ğ¿Ñ€Ğ¸Ğ´ÑƒĞ¼Ğ°Ğ»Ğ¸ Ğ½Ğ° Ğ ÑƒÑĞ¸, Ğ¿Ñ€Ğ¾ÑÑ‚Ğ¾ ÑĞ¼ĞµÑ‚Ğ°Ğ½Ğ° +ÑĞ³ÑƒÑ‰Ñ‘Ğ½Ğ¾Ğµ Ğ¼Ğ¾Ğ»Ğ¾ĞºĞ¾ +ÑĞ»Ğ¸Ğ²ĞºĞ¸ +Ğ´Ğ¾Ğ¼Ğ°ÑˆĞ½ĞµĞµ Ğ²Ğ°Ñ€ĞµĞ½ÑŒĞµ. Ğ—Ğ°Ğ¼Ğ°Ñ€Ğ°Ğ¶Ğ¸Ğ²Ğ°Ğ»Ğ¸ Ğ·Ğ¸Ğ¼Ğ¾Ğ¹ Ğ² Ğ¿Ğ¾Ğ³Ñ€ĞµĞ±Ğµ. ğŸŒ¹ âš›ï¸"
prashant_enrique,TunesğŸ¶â¤ï¸
nanaazamalyahya,queenğŸ”¥
lauratorella,@abnraphael
photoeditingireland,Go Britney ğŸ˜
ranbiractor,ğŸ˜˜ğŸ˜˜ğŸ˜˜ğŸ˜˜ğŸ˜˜ğŸ˜˜ğŸ‘ŒğŸ’â¤ï¸
elias_vhutto,Supper...
dantrelas,"So mucho music, so much money... So much loneliness"
medvetzphillip,Her father and manager are
seusjun,Horrible comments.  They are all jealous. You look good girl enyo your vacation â¤ï¸ğŸ˜˜ greetings from the Nederlands ğŸ˜˜
bernardobarbuda91,Amazing!ğŸ˜‰ğŸ¦One Love!!â˜ğŸ¼â¤
zaakiyah_thomaz,ğŸ™ŒğŸ”¥
notorious.v.i.c,@keaggz level of extra I aspire to ğŸ”¥
bao.rainy,@cavalliinhi
sarahpescarini_1,@no.heaven I loved how u liked this ahahahahah
pjelena1974,To shopping???? ğŸ˜
pereyra1010,?
hollyworldflowers,Lucky ocean!!!
richard.tyner,ğŸ˜ğŸ˜ğŸ˜
aiwart,I love you ğŸ˜ğŸ˜ğŸ˜
9starrbelle,Gee..what a way to get guys attention by dressing in a bikini. ğŸ™„
isabella_gray,I canâ€™t @laurachatterton1 @michaelawain @ari.ltd
max_knight_00,ğŸ˜
sophduth,@hannahduthie_ @luc_chanel  I want what brits having in the AM of the morning
tenp980,Soooo beautiful ğŸ€ğŸ€ğŸ‘…
tenp980,ğŸ˜ğŸ˜ğŸ˜ğŸ˜
__aydos,@georgiadunstan  this whole video is you especially the start
jakeevans.co,@mattcdon shahrks
manolinochy,"Enjoy life to full feel your dreams,,, be happy,, smile and overall enjoy yourself,, bless ğŸŒ¹"
patrickblain,"@ethancolangelo ""rising in the AM of the morning"""
milouwolf,Toujours aussi belle â¤ï¸tu restes mon idole depuis l'Ã¢ge de mes 12 ans et tu le restera je t'adore ğŸ˜˜
hautelle.jpg,@catttyshack im saying rising in the a.m. of the morning from now on
clubworldtngb,â¤ï¸â¤ï¸â¤ï¸â¤ï¸
melgallagher__,@alannahbeth AM of the morning? ğŸ¤”
nana_redrose,ä¸ºä»€ä¹ˆè§†é¢‘é‚£ä¹ˆå°å°çš„
ilariamologni,@eleonoracoorti questo mi aveva spaccato
emilydornbusch,@louiedigby
erinhoffman82,Your talking like a robot ğŸ¤–ğŸ¤–ğŸ¤–
irina_bogani,@themillamilla forse siamo davanti ad un nuovo codice di stile che non comprendiamo... ğŸ˜‚
owendylan_,â¤ï¸â¤ï¸â¤ï¸
aliceshuyun,Glad you are having fun there. Enjoying
_mildre,Song ğŸ‘ŒğŸ‘Œ
han_nah_89,Omg where is this?!? So pretty!
justin_daniels_,Snorkney
ekerrobin,Looks like sanibel island
rommy20pc,"Linda canciÃ³n, lindo video :) en el paraÃ­so ğŸ˜â¤ï¸"
pabloch1234,ğŸŠâ€â™‚ï¸â¤ï¸Sorry but you need me-
musiclover4,Looking PHENOMENAL ğŸ’¯ MY Queen B ğŸ’™ ğŸ˜ ğŸ’™
isabellemaelle,@evo.demir I also rose in the am of the morning today
jemmett211,Wow!
milasasoeva,ĞŸĞ¾Ğ¶Ğ°Ğ»ÑƒĞ¹ÑÑ‚Ğ° ÑĞ´ĞµĞ»Ğ°Ğ¹ Ğ±Ğ¾Ñ‚Ğ¾ĞºÑ Ğ² Ğ»Ğ¾Ğ±ğŸ™
dilonmelo,â¤ï¸
iamtonelli,@britneyspears Iâ€™m so happy for you ğŸ™ğŸ¼ğŸ˜­
c__barb,@julcarrico
rob_sessions,Rising in the a.m. of the morning?
cristianr9810,Control MKULTRA
qarmenisayan,â¤ï¸â¤ï¸â¤ï¸ğŸ˜ğŸ˜ğŸ˜
xtina_320,@lblondie ğŸ˜‰
diaribri_,Enrique Iglesias
lilyory2012,@nicole28h
kelkel_house,What song is this?
michaelsanderson20,Love you
jeremyweaving37,â¤ï¸â¤ï¸â¤ï¸â¤ï¸
qq1976284786,æ‰‹æ”¾è£¤è¡©ä¸Šï¼Œæˆ‘è¿˜ä»¥ä¸ºè¦è„±è£¤å­å‘¢ï¼Œçœ¼é•œéƒ½æˆ´å¥½äº†ã€‚
d_sato_,âœ¨âœ¨
aramnazar1964,ğŸ’‹ğŸ‘super
deez_aussies,ğŸ¤–
heidi.haischer,ğŸ’—
ggrich04,@kstews3123 comments ğŸ’¯
julia_nicholson4,@karaaharriss @reagskurps like what are these videos
j_babayyy,@briandotcom
adam.allan,I seriously hate the cameraman #cursethecameraman
elontram,And with Bailandoâ¤
michajolucas,Honestly I have loved you since I first saw you and just seen what it is like to virtually follow you just now. Thank you..
iamtonelli,cutie
nicole.penney,What song is that ????ğŸ˜
barbaram16,Where is it
cole_is_daddyyy,We stan
olymama80,@kelsielewissss
shellterskelter,Youâ€™re so D. I. T. S. Y.
sammysam7789,â¤ï¸â¤ï¸â¤ï¸ğŸ˜˜
lizcorreia1980,Love Turks and caicos
jars45s,ğŸ”¥
chelejohaun,@britneyspears. Your Song by Elton John!
jester_0303,Hey britt I really think we should date :)
guenavargas,ğŸ˜‚ğŸ˜‚ğŸ˜‚ğŸ˜‚
guenavargas,Hi gays
jmanells,@kchill9
bustmedown,@brittanybinder itâ€™s the gift that keeps on giving
arynnfyoung,@sjbrashears SHARKS
jenilee_rosa,Omg i love that bikini!!!!!!
carlosdulce,@jcosentinor
trickyymicky,@jordynchoover
st3v3aust1n,Looking great Britney .
jkirk199990,ğŸ’¯ğŸ’¯
ninapolinski,@noemiemalka mais pk Britney ğŸ˜©ğŸ˜‚ğŸ’—
jkops17,ğŸ¦ˆ ğŸ¦ˆ @rachelpizzolato @karapizz @kerranne
katiesabin92,@rachstearns
catarinaleao_,LindÃ­ssima
lauraashleyliveart,@chmooreorless @samantha_austine
eigstagram,@mikey.olson
mandyb483,@clairebear_84 ğŸ”¥ğŸ’‹
mandyb483,@clairebear_84 ğŸ”¥ğŸ’‹
summergirl523,"It's like all she does is vacation, but from  what?ğŸ˜‚"
finchenflow,What the hell should the Videos? She Sounds and Look like a Child or very scared
katersb13,In the AM of the morning.... @hethmcg @jak_krinick ğŸ˜­
sarababyyyyy,What is the name of this song. I know I know it but canâ€™t think of it ğŸ¤¯
gustavo_capistrano,"TÃ¡ bom porra, jÃ¡ sabemos que vc tÃ¡ na praia. Agora cadÃª mÃºsica nova ??"
angelariverac,â¤ ğŸ’‹ ğŸ¶ @enriqueiglesias Mira lo que ocasionas..! ğŸ˜‚Lovely @britneyspears ğŸ˜˜ğŸ’Ÿ
timmyclarke702,I like bike riding
brienleon,Letâ€™s go shopping ğŸ› babe!
kwiseman19,@emendrizzi Iâ€™m dying at the comments
mrsmamaduke,@nicholasconnell  I watch these all now ğŸ™ƒ
sonjcia,Is it me or did anyone else feel totally uncomfortable when she was talking?
hquinn91,@andy_tayl_r
tokyo_betty,Did anyone see a snorkel? Or Brittney after the first fast 5 seconds??
samuell_mendess,Rainhaaaaaa ğŸ˜
darkman6092,Gorgeous woman
downtoearthirrigation,Your awsome
nadeenyanes,@angeid @sereinmicheline
lindiceyloram,Linda
kgirard18,@brittdrou rising in the AM of the morning
beveele,Your beautiful Britâ¤ï¸
catarinaleao_,ğŸ˜ğŸ˜ğŸ˜
celinekabaker,@tonyprado lol
mae_butler,Love You Beautiful Britney â¤ï¸â¤ï¸ğŸ‘ğŸ™
fabianaesgarzi,Linda ğŸ’Ÿ
lmullis,@ashyoungn Monday am I right?
eliana.levi,I wanna go swimming with her ğŸ˜‚
sundial76,Flat tummy!! ğŸ™Œ
bungatiarasella,"@wardanarozi liat apa aj yg mjncul,"
twentytillsix,Whatâ€™s the secret to making insta videos this crappy ? Asking for a friend....
edwwjr_60,Video is to Small.
sara_bordazamboni,@enriqueiglesias
nicoleepham,@ridiculousrach_ I hope your vacation content looks like this when youâ€™re in Europe
73cherie,Is she not allowed to go deeper then her knees???
taylorashlynn1,@tarakellymusic rising in the AM of the morning
1quillpig,#notrainingwheels
johndreyer01,Wow
lillianlever_realtor,@alj4545 she is in Turks!
tyler_meitle,You go girl âŒâ­•ï¸â¤ï¸â¤ï¸âŒ
jessiesummmer,@mslooinator ğŸ˜‚
eyeshazel0,â¤ï¸ğŸ˜â¤ï¸ğŸ”¥â¤ï¸ğŸ”¥â¤ï¸ğŸ”¥
jacob.might,love it
susanberberick,@kaylaskwarek
nikkithomass,@christenpiersanti
michellesuggs80,I wish she would post videos that made her look smart instead of the self absorbed dingy ones that she does.
stacia4909,@msmichellecaswell ğŸ¤¦â€â™€ï¸ğŸ¤¦â€â™€ï¸ğŸ¤¦â€â™€ï¸ğŸ˜•
ashleym_143,@thetateproject @rach_herrington rising in the AM of the morning
roydave57,"Big sis Britney, the thing I love most about you from the very day one that I know you is the fact that you are always you,you don't try to be someone elseğŸ˜"
deeisiss_cia,In the AM of the morning.....ğŸ¤”ğŸ¤” isnâ€™t that the same thing....ğŸ¤­
wisnutatasurya,â¤ï¸â¤ï¸â¤ï¸â¤ï¸
mikestooks,ğŸ¥°
tanzig_,@erinelizabethxo rising in the am of the morning.
patiencekellin,Ummmmmm
allimakowski,@nattyscott_
rlrosendo,The sims on speed 3x
allejjaannddrraa,â¤ï¸
chel_s_s_s_kie,@sjkraft  rising in the am of the morning ğŸ˜‚ğŸ˜‚ğŸ˜‚
johnchen63951,ğŸ”¥ğŸ”¥ğŸ”¥ğŸ”¥ğŸ”¥
zachmw21,ğŸ˜ğŸ‘™ğŸ†ğŸ’•
memonvideosbcglobalnet,Beautiful
deeb_ferreira,Queria ser sÃ³ a Britney nesse momento @xgabriellecs  hahahaha
jwlamp,queen of snorkeling in 6 inches of water
rikkivh,@rhonda_leeh
joeytatz2,"Let joey ride along Britney sweetheart(*"",(*"","
jessiemurchie,@nickvittoria â€œin the AM of the morningâ€
amy_the_lender,@meagansellsrealestate
therealcolinrobinson,"I canâ€™t wait till 2022 when the iPad X Max Plus comes out so we can maybe see these beautiful, beautiful videos."
sarapink07,We are here too ğŸ™ŒğŸ»ğŸ™ŒğŸ»â¤ï¸â¤ï¸
caraco40,"What songs is this, it makes me want to take a vacation. I can smell the coconut just watching this video.... Ughhhhh"
bskinzz,Go Bro
rouxderrick,Love me some Britney!ğŸ˜ğŸ˜ğŸ˜
scharinne,Oh... @enriqueiglesias ğŸ˜
victorrodas555,Wow just beautiful baby
klee1102,@hhurley1010
emilybjornstad,Cute bikiniâ¤ï¸
amybeitz,@mrssamanthaleppert
changingthenamee,so pure omg
gloria.arcosc,Me encanta verte felizâ¤
gsueiram98,Love yu Brasil Brasil Brasil gsgbsbzh animal love yu Brasil hsveushwbgsgvwvs b eijos love yu Brasil hsveushwbgsgvwvs b eijos love me responde rsrsrsrs Eu love yuğŸ˜ğŸ˜˜ğŸ˜
frasssser,@lylequinn_
jmonroy17,@kasm13
gillianedoucet,@dletersky I love Brit but these videos are giving me ransom video vibes.
blackkeys12,â¤ï¸â¤ï¸ğŸ˜˜ğŸ˜˜ğŸ”¥ğŸ”¥
karenliz_hilton_,Where is the place?
lindaskii,Rising in the A.M. of the morning is a mood.
vick_vilasboas,@felipeandraade
eatcakepartylyt,Iâ€™m going to say rising in the AM of the morning from now on ğŸ˜‚
thisfamilytree,"@shaneyboy69 spoiler alert: no sharks, lots of great editing"
barbie_swede,Love your video Britney â¤ï¸â¤ï¸â¤ï¸
ashleykolln,@kdeeetz ğŸ‘ŒğŸ¼
amiraball,â€œRising in the AM of the morningâ€ âœ… @wet.dildo
nylaluciana,â¤ï¸â¤ï¸â¤ï¸â¤ï¸
nylaluciana,â¤ï¸â¤ï¸â¤ï¸â¤ï¸
de_nise608,ğŸŒ´ğŸŒ´ğŸŒ´ğŸŒ´ğŸŒ´ğŸŒ´ğŸŒ´ğŸŒ´ğŸŒ´ğŸŒ´ğŸŒ´ğŸŒ´ğŸ˜‰
janou0069,ğŸ”¥ğŸ˜ğŸ˜ğŸ˜ğŸ”¥
danitasheltonelliott,LuckyğŸ˜˜
larapiaia,E
_imaartist_,bailando bailandoğŸ˜ğŸ’ƒğŸ»
22bluedragonflies,ğŸ˜
micheleeeeeh,ğŸ˜
dwwitz2018,Wow girl!
rachelreine,in the am of the morning
valtopia84,@kimferreira what is this?!
sydsydcohen,ğŸ˜ğŸ¤¤
gus_umana58,ğŸ‘…ğŸ‘ğŸ˜˜ğŸ‘
_n_evans,So wholesome. Love
__amy.marie__,@_jillann_ @kate.kostac listen to what she says
nmpinkelite,ğŸ˜ğŸ’“The bikini ğŸ‘™ whereâ€™s it from?ğŸ›
sonder9293,ğŸ‘ğŸ˜‚
brielismi,@alhnna1990
zac.meadows,â€œRising in the AM of the morningâ€?????? What?
sandramalave3,ğŸ™Œ
julianasenram,Sheâ€™s living in the AM @rachelrose81
chapin_guatemala,â¤â¤â¤â¤
jovanachavez79,Good
linesvensen,ğŸ”¥ğŸ”¥ğŸ˜ğŸ˜ğŸ˜â¤ï¸
befitbricpt,Rising in the am of the morning..............ğŸ§  @sunflower_darling7
faggedyrandy,ğŸ˜‚ Just call me AM of the morning ğŸ¤£
yesroc,@michael.hink rising in the a.m. of the morning and snorkeling in 2ft of water.
adkrell,"Girl! My friend @alexishuesgen got bit by a shark, so scary! Safe snorkeling ğŸ ğŸŸğŸ¬ğŸ¡"
kaycassandra,@gracelyn.mary hopefully she doesnâ€™t find any sharks
__________sonya,@loddle banging soundtrack tho
educasguti,Britney... you are out..!!
snow_mareee,OMG pls take their pleaseğŸ˜˜
jkhussey41,@kellys101
jkhussey41,@opaladin rising in the Am of the morning.
asdailykaty,@miagroat ğŸ˜‚ğŸ˜‚ğŸ˜‚
regisckn,QueenğŸ”¥ğŸ”¥ğŸ”¥ğŸ‘ğŸ»ğŸ‘ğŸ»ğŸ‘ğŸ»ğŸ‘ğŸ»ğŸ™ŒğŸ»
paige_winderr,@kinga_rindlisbacher
georgekrms,Sharks don't eat needless
lftlwy7883,ğŸ˜ğŸ˜ğŸ˜ğŸ˜
stoutaj2,@jessicarose0713 ğŸ˜©
anna.beezy,@jatanasbananas !!! Sharks!!! ğŸ¤£Same .
dayhatovar2911,"Mira sus tatuajes, ella fue mi inspiraciÃ³n @victormcu"
xo.jenny.xo3,I hope this isn't how she actually is irl and it's only for videos on ig
lydianasantos,How wonderful! It's the holidays I wanted to have ....ğŸ’•ğŸ˜ğŸ‡§ğŸ‡·ğŸ‘ğŸ’
dlbdiniz,â¤ï¸â¤ï¸â¤ï¸â¤ï¸â¤ï¸
kellystoe,@chelseampls
carolinecarrade,Demais
tam050810,Who is recording this ğŸ˜‚
trueno_576,ğŸ™†ğŸ™†ğŸ™†ğŸ™†ğŸ™†ğŸ‘ğŸ‘ğŸ‘ğŸ™ŒğŸ™ŒğŸ™ŒğŸ™ŒğŸ™ŒğŸ™ŒğŸ™ŒğŸ™ŒğŸ˜˜ğŸ˜˜ğŸ˜˜ğŸ˜˜ğŸ˜˜ğŸ˜˜ğŸ˜˜ğŸ˜˜
leesha,@carlbolte_
mercia_taby,Beatiful
hepbtom,sore ODIO questi video. ma poi perchÃ© sono cosÃ¬ minuscoli??
abfils2000,ğŸ‘
crystallabranche,I'm a fan but these posts lately have been a lil out of character for her.
andrew_wehbe,@lauren.wehbe
lily.mollineaux,z00m
jen3hartman,@snvoltmer
delaneytwebb,@beekhill â€œrising in the AM of the morningâ€
raaaaachelb,@jackieebassett rising in the am of the morning
magazin_zoom,ğŸ’—
gem436,@gemp86
dorcasmarques,ğŸ˜ğŸ‘ğŸ‘ğŸ‘
suereheis,"I wish she would act like an adult.  I just don't like the""cutsie act."""
belly.krown,@vreeb_ron
alicarey22,@gabloucare
kristie_____,@gigiandgypsy @xoxjess.txox haha
muccas_world,How cute! ğŸ˜Š
stacie_ierfino,If u need a bestie Iâ€™m available lol
court_rochell30,Omg the water is so pretty!! And of course you too!! Lol But video crops are SUPER small...
fumeperfume,@zarasprofile @sylviecoll
babzoclock,@ponyonchristmas @paigegrogan74 @ameliaodell @deltabadrem 'rising in the am of the morning'
laurahdc,ğŸ•µğŸ»â€â™€ï¸ğŸ”ğŸ”ğŸ”ğŸ”ğŸ”
avaleclair,i love britney but somethingâ€™s off and iâ€™m worried
mobwillis,Alert @skylajuliette
kniemiec313,@ktshields
ayeth_alqhhtani,You are still like Ante with that feeling ğŸ˜
juliaa_gooliaa,@jmoonzz this is like your video montage of our europe trip @pphoebuss
dck111181,Shes like 2 feet from shore pretty sure shes safe from sharks
ninonchergui,Britney you are like a queen mermaid! Good bike!
britneyarmy89,Wow i love that bikini ğŸ’– you look perfect ğŸ”¥
faye.mcnally,@taruryan
elisabeth.sk,@francesca_wright1
emilie__gracee,@kelcibailey
veronicaribaok,El tema que usa Britney para este vÃ­deo no es el que supuestamente Madonna cantarÃ¡ en su nueva gira? ğŸ˜‚ğŸ˜‚ Yo no te puoooo creerrrr! @estebanfrezzato
ehsan.batmanii,Yesss
lord_morgan22,@realityismybitch Did she just say  the AM of the morning!ğŸ˜‚
michaella.kl,ğŸ’—ğŸ’—ğŸ’—ğŸ’—
charleschinni,Gorgeous
gallardo_elvirita,Que belleza y que feliz te ves Felicidades disfruta
theasianpursuasion,My favorite needle in the world
jensenvadim,ğŸ’–ğŸ’–ğŸ’–ğŸ’–ğŸ’–ğŸ’–ğŸ’–ğŸ’–ğŸ’–ğŸ’–ğŸ’–ğŸ’–ğŸ’–ğŸ’–ğŸ’–ğŸ’–ğŸ’–ğŸ’–ğŸ’–ğŸ’–
hjohnson517,@katiemichellee5 @keeperkoski
randygch83,â¤ï¸â¤ï¸ğŸ˜˜
randygch83,I love u
kris10blev,@nicoleleighn  rising in the am of the morning ğŸ¤£
nicnicjoy,@pottss7
lizard_gorl,Rising in the AM of the morning @jaiicunningham
armandojoserojasgonzalez,ğŸ˜„ğŸ¤—ğŸ˜‰
alichiquii,ğŸ˜ğŸ˜ğŸ˜ğŸ˜ğŸ˜
oliwka_1235,ğŸ˜˜ğŸ‘ğŸ‘ğŸ˜Š
hendrikgiesler,Dont wear eyeliner ever again !
kallidarling,@whitneyblair_  SHARKS
lkcarp,@wham.bam.abby.graham ğŸ¤£ğŸ¤£
powerofenrique,What a lovely song ğŸ’–ğŸ’–ğŸ’–ğŸ’– @enriqueiglesias
powerofenrique,#bailando rocksğŸ¤—
mleps,@manda_please23
leticiabattisti,Ela Ã© muito engraÃ§ada de bicicleta @johnnyhasse
themindofreyrey,ğŸ¦ˆ
esq.p,Hey Rochelle
andresfelipeacuriabravo,ğŸ˜ğŸ’œ
dorabella04,I wanna go there! ğŸ˜ğŸŒŠ
emfigs,@cjones_capone
francysoldato80,ğŸ¤£
stephaniesinex,@allisonsmaneaddiction â€œrising in the AM of the morningâ€
saramarmi,@andylotus
alipoorr296,Ú©Ù… Ú©Ù… Ø¯Ø§Ø±ÛŒ Ù¾ÛŒØ± Ù…ÛŒØ´ÛŒ .ğŸ˜ğŸ˜
lilraginbull,Her dad is prob the one in the golf cart following her. Haha. Jk. Love you Brit Brit!
jerry_logo_cover_arts,HMU for your dopeğŸ‘Œ artworksğŸ”¥logosğŸ”¥coverğŸ”¥cartoon pic ğŸ”¥animated videoğŸ”¥business cards ğŸ”¥flyersğŸ”¥
fuzzywuzzy68,It would be easy to spot a shark because the water is so clear!ğŸ˜€
shima.teimoory1368,I love u so much britney â¤ï¸
freebritneyespanol,ğŸ™ŒPERFECTNEYâ¤ï¸
unikaestrella,Where is she at ? Looks so tpretty
kellymonty,@wallj1
khaleesiiiz_,niceâ¤ï¸â¤ï¸â¤ï¸ğŸ˜ğŸ˜ğŸ”¥ğŸ”¥ğŸ”¥
carl_fernandes1,Rising in the AM of the morning!! @chimpanvee  lol these comments tooo funny
georgie_dawn,@phoebs94 have you seen all these vids ğŸ˜‚ğŸ˜‚ sheâ€™s so werid
hardnreadyjuggalo,ğŸ’ğŸ’—ğŸ’•ğŸ’“â¤ï¸
janicassiadias,CorpaÃ§o maravilhosağŸ‘ğŸ‘ğŸ‘ğŸŒ¿ğŸŒ¿ğŸŒ¿
themeganchilders,@logaanmarleer boyyyy that entroğŸ˜‚
hollersholler,@tylerreign rising in the am of the morning ğŸ˜‚ğŸ¤¦â€â™€ï¸
marmazet.ochka,Ğ‘ĞĞ–Ğ• @nktpv Ğ£ĞœĞĞ›Ğ¯Ğ® Ğ¡Ğ”Ğ•Ğ›ĞĞ™ ĞŸĞĞ ĞĞ”Ğ˜Ğ® ĞĞ Ğ­Ğ¢Ğ Ğ’Ğ˜Ğ”Ğ•Ğ Ğ¯ Ğ£Ğ¡Ğ¡Ğ£Ğ¡Ğ¬
wontshedoitthough,Beautiful place â¤ï¸
vanytorn,She looks scared and her speech is so fast. It's gotta be the meds ğŸ’”
yojarvera,ğŸ”¥ğŸ”¥ğŸ”¥
yojarvera,ğŸ‘‘ğŸ‘‘ğŸ‘‘
yojarvera,â¤ï¸â¤ï¸â¤ï¸â¤ï¸
marcelalopezespinoza,ğŸ˜šğŸ˜šğŸ˜šğŸ˜šğŸ˜š
thomas_sobolewski,@adrian.monteiro
fiorella212,Where is it? Wonderful place
curlyhaireddqt,â¤ï¸â¤ï¸ğŸ”¥
nadiagain,ğŸ’™ I like music by @enriqueiglesias
ry_watson10,@drusso1890
devinlejeune_tx,"Guys, Brittany Spears can ride a bike! What canâ€™t this woman do!"
tinie_tempah_tantrum,@jade_betsy
roxy_teresa,@schochnatalie
hettiejones,@emmajanelucas
mariananazaruk,ğŸ˜˜ğŸ˜˜ğŸ˜˜ğŸ¤”ğŸ¤—ğŸ¤—ğŸ¤—ğŸ’ğŸ’ğŸ’
youluvmas,@justinbruntjen
deimanteguobyte,the queen is skinny as a needleğŸ˜
britneyspearsdanmark1,â¤ï¸â¤ï¸
lanadelleee,@graemecraigguthrie
yasaman.dolatpanah,â™¥ï¸â™¥ï¸
ashleymcgrail,"@kimgabrielse specifically this one, rising in the AM of the morning."
samanthaalicia,@hannahyountt â€œrising in the am of the morningâ€ ğŸ˜‚
dayse_jo_e_ju,â¤ï¸â¤ï¸â¤ï¸ğŸ’‹ğŸ’‹ğŸ’‹
elissa_hannah_clarke,@jessicamichelle_ ğŸ¦ˆ ğŸ™Š
mrs_chase_moreno,@aechudy â€œsharksâ€
meliss_christine,@megdeevy
mrs_leamer,@automatickate rising in the AM of the morning ğŸ˜‚
_monika.perera_,ğŸ™ŒğŸ¼ğŸ’—ğŸ‘ŒğŸ¼â˜ºï¸
tiffann1006,@brookegils stalk her for a while and text me your thoughts
bobafettacheezypop,ğŸ”¥ğŸ”¥ğŸ”¥ğŸ”¥ğŸ”¥
brittanee_m,@lisapinzarroni  watch these videosğŸ˜­ğŸ˜­ğŸ˜­
antoniohernandez5531,ğŸ¤©ğŸ¤©ğŸ¤©â¤ï¸â¤ï¸â¤ï¸ğŸ’™ğŸ’™ğŸ’™ğŸ˜ğŸ˜ğŸ˜
tashbarbs,I love her @tashroche
katecritchley,@jordynoliviae
chernatkristina,ĞšÑ€Ğ°ÑĞ¾Ñ‚ĞºĞ° ğŸ‘
niv_karni,@angeltakumi88. ×× ×™ ×“×•××’×ª
summmmertalllley,@_emmabobemmaa_  is she gonna pull her bottoms down? Hahahaha
kathleensirianni,@angeladapps @kgoldmanis @alainateutsch I love how sheâ€™s legit swimming at the end ğŸŠğŸ¼â€â™€ï¸ ğŸŒŸ Girl after my own heart ğŸ˜
edw114,Rising in the am of the morning just so you know @morgyha @mgpatterson4
fromdusktopalms,EDIT-NEY!
chandrachicago,@the.lovelylaura  your girl is at it lol
bernardsgabriel,Your instagram account is the best of all haha
azzurra_lara80,ğŸ‘ğŸ‘ğŸ‘ğŸ‘ğŸ‘ğŸ¤—ğŸ¤—ğŸ¤—ğŸ¤—
skylarwithana,Dude what â€œrising in the am of the morningâ€ THAT MEANS THE SAME THING LOL
skylarwithana,Dude what â€œrising in the am of the morningâ€ THAT MEANS THE SAME THING LOL
chach_hendo,@kellytlittle â€˜rising in the AM of the morningâ€™ ğŸ˜­ğŸ˜­ğŸ˜‚
ashleyrt918,â€œRising in the AM of the morningâ€ we donâ€™t deserve her. ğŸ’•ğŸ’•ğŸ’•
cbailz,@caitboag
msmagalie,You need a girlfriend Brittney...
im_mr_moha,That was unnecessary
gosealfred,U go girl! â¤ï¸
richverald,ğŸ”¥ğŸ”¥ğŸ”¥
kameronbaum,ĞŸÑ€Ğ¸Ğ²ĞµÑ‚ ğŸ‘‹ ĞºÑ€Ğ°ÑĞ¾Ñ‚ĞºĞ°! ĞœÑ‹ Ñ‚Ğ¾Ğ¶Ğµ ĞºĞ°Ñ‚Ğ°ĞµĞ¼ÑÑ Ğ½Ğ° Ğ²ĞµĞ»Ğ¾ÑĞ¸Ğ¿ĞµĞ´Ğ°Ñ…ğŸ˜ğŸ˜
sami_ahmeds,ğŸ˜
reinhard.lobinger,ğŸ˜ğŸ‘â¤ï¸
reed_ashley,@meredsandine @annacathrynwargo @anna.bailey.xo @aldenlynn88
missymel711,"Love you forever, Brit Brit!ğŸ’•"
melbryant01,@kel_possible
ahmetajalbina,ğŸ˜ğŸ˜
serena_from_west,"Ğ‘Ğ¾Ğ»Ñ Ğ½Ğµ Ğ²ĞµĞ´Ğ¸ ÑĞµĞ±Ñ ĞºĞ°Ğº Ğ´ĞµĞ²Ğ¾Ñ‡ĞºĞ° 15 Ğ»ĞµÑ‚, Ñ‚Ñ‘Ñ‚ĞºĞ° ÑƒĞ¶Ğµ Ğ¿Ğ¾Ğ´ 40 Ñ‡Ñ‚Ğ¾ Ğ·Ğ° Ñ€Ğ¾Ğ¶Ğ¸Ñ†Ñ‹ ÑÑ‚Ğ°Ğ²Ğ¸Ñ‚ Ğ½ĞµĞ¿Ğ¾Ğ½ÑÑ‚Ğ½Ğ¾"
michelinhafofa,Wonderful !!! â¤â¤â¤â¤â¤
a.kh.fazli,â¤ï¸
courtneyramage,@christymiller6714
jparanoye,@marika.robert
balay.david,Toujours aussi jolie j'adore
kaseyhamptonphotography,@reed_ashley pulling them bottoms downğŸ˜‚
telesclaudemir,with those panties it looks like it's all crappy.
carolpreston_,Love her @claireehicks
filfraktur1,Jag Ã¤r fortfarande orolig alltsÃ¥ ğŸ¤£ @blertaletaosmani
dellamitra86,Where are her kids? I canâ€™t even go for a poo without my little one following and waiting for me lol
lifeofmilburn,@dbutsz just everything about this video ğŸ˜‚
chrisrdzc,El mar nos une mommy!!! Tqm bb
vanessa.vargas.790,This video made me laugh ğŸ˜‚
margo.harrison,ğŸ”¥ğŸ”¥ğŸ”¥ğŸ¤˜ğŸ»âœ¨
alanalty,@philiprees911 this video is litro you ğŸ’â€â™€ï¸
ocean_torres,"I see you so addicted to puerto rican music Brittney. Don't get so addicted puerto rican music is may be healthy for you goodğŸ’œ focus some other things like.. oh well in joy yourself, you don't care, have fun with itğŸ˜œ"
biafigueiredo92,TÃ¡s belha melher
kushnir__max,ĞŸÑ€Ğ¸Ğ²ĞµÑ‚ Ñ ĞšÑ€Ñ‹Ğ¼Ğ°
mar_romannn,ĞĞ¿ÑÑ‚ÑŒ Ğ¿Ğ»Ğ°Ğ²Ğ°ĞµÑ‚
ladyrisner_83,@britneyspears please tell me how your body is still the same as 20 years ago? ğŸ™ŒğŸ¼ğŸ™ŒğŸ¼ğŸ™ŒğŸ¼
laurencaraway,@_taylorcohen when the picture gets small is our inspiration
mg5885,@cara2390 ğŸ˜‚ğŸ˜‚
chaaar_11,@amywetter ğŸ˜‚ğŸ˜‚ğŸ˜‚
lucyecuador,Bailando!!
abikskerr,"Am I the only one suspicious of these recent posts? Every time she poses her hands are holding her bikini a certain way and it sounds like sheâ€™s repeating what someone told her to, and everything sheâ€™s posted has been filmed by someone else.."
barry1588_30,@catwoman1121 ğŸ”¥
karenwilczek,Ooooookkkkkkkkrrrrrrrrrrrr!
the_limerick_one,@legin742019
_shirshah._,ğŸŒºğŸŒ»ğŸŒ»ğŸ™ŒğŸŒºğŸŒ»
xkhingx,You look so good queen.All naturalğŸ’—
emilystastny,@kaitmarie5
maldiveswatervillas,â¤ï¸
brunojunior22,Te amo tanto
cmorrone85,Like threading a needle
swatilekha_roy,Live a life of your choice be happy
enrique_iglesias_azerbaijan,@enriqueiglesias ğŸ‘ğŸ‘
hello0katiee,@k0wens tell me sheâ€™s ok ğŸ§
janeconnaughton,@saoirsemcl
whitblaked,@bverrrr
renerider1k,Whatâ€™s the point of wearing your swimsuit bottoms so low.
ddani_nova,ğŸ˜
fahad_rehman_khattak,Hahhhh missing that place and you #Brittneyspears
bonita.real,"Boa tarde ,gente meu nome Erick mas conhecido como a #bonita. Sou geminiano, cabelereiro amo make up sou extrovertido ,alegre e gostaria que vcs dessem uma olhada no meu perfil ,lah a risada e alegria e garantida ğŸ˜˜ğŸ˜˜"
julieee_summer,ğŸ’–
dmal_123,Una almorzando rico viendo instagram y me sale estoğŸ˜’ mamita ya sal calata mejor... Solo no espantes a los tiburones
zanderrbanks,Youâ€™re the cutest ğŸ˜˜
carolinesmith1997,@livy.rose1998
lauren_schweitzer,@samarajordann  the. Comments. I. Canâ€™t.
brianguite3512,Good figure
jadediana86,Rising in the AM of the morning
clemlanglais,Elle a achetÃ© lâ€™album de @enriqueiglesias @melissamllh
brunojunior22,Te amo tanto
mike.skates.5,I wish all so to be there
laurel_starr,@holly_may_23 happy Monday
marisaverros,@greynzz @squiggg
virgikarly1931,ğŸ˜ğŸ˜ğŸ˜ğŸ˜
justin_leddy,@seguratom
luisslol_,youâ€™re an ICON
linaresyeney,Que rico ğŸ’ŸğŸ’ŸğŸ’ŸğŸ’ŸğŸ’Ÿ
britneyspearsjfc,Perfect my princess ğŸ˜
yung_wmhs,Something is seriously wrong here...
lily.letigre,"Taurus Sun, Capricorn Moon, Leo Rising in the A.M. of the Morning."
pepesoho,ğŸ¤­â€¼ï¸
realnatecole,ğŸ˜‹
alexmvnoz,@dirtycochina
hearthacker099,It's amazing Holiday enjoy
heidi_anne93,@_hellokp
enrique_rajat,WoWâ¤ï¸
luxury__travel__,ğŸ™Œâ¤ï¸â¤ï¸â¤ï¸
alieichas,@siowall ğŸ˜‚
chasejacoby,WhAts up with all the Enrique songs on her recent posts.  Next vÃ­deo Britney saves someone drowning and I hear Enrique singing Hero in the the background
kellybunny12,â¤ï¸â¤ï¸â¤ï¸
clubkylie,A shark would ask for your autograph !!
kevinnflbrt,These last few posts were full of Enrique Iglesias' references. A possible duet ? ğŸ˜â¤ï¸â¤ï¸
ketgsilva,uma lenda @ka.guims
ahbarhasnain,Lol
_avestaaa,@mort_____ hope youâ€™re having as good a time as this rn
ni_chadhla,@mcguigs93
sugianto_cp,i love you ney mmuaccchhj
misscarelli,No te merecemos
jakeaverill,Wtf am I watching hahaha
alexis_csa,Wtf with the small videos!? ğŸ¤¦ğŸ»â€â™‚ï¸SMH
bbelcoelho,@isadhoramuller
its_eolande_tribalfasinations,You usually snorkel close to reefs....
lunajd16,ğŸ’• you are so cute! ğŸ’‹
sabina_.rrr,ğŸ‘ğŸ‘ğŸ‘ğŸ‘ğŸ‘ğŸ˜ğŸ˜ğŸ˜
shleeeeeee,@stepknee27
kimy_lsd,Te amo britâ¤ï¸â¤ï¸â¤ï¸â¤ï¸
betty.pataki,Love these videos! ğŸŒ You look great!
h2aloe,I hate that I hear nicki
lindsberneche,Soak up the sun girl; youâ€™ve more than earned it xo
lizclairem,@perlss_
adam_morni,ğŸ˜ğŸ˜ğŸ˜ love you.. please be happy always
luca_monteleone,Mettiti a dieta grassona
cleitonportilla,Essa neyde Ã© gostosa ğŸ˜ğŸ˜ğŸ˜ğŸ˜
snakeinmyb00tz,@vero_lemons this short foreign film just changed my life
cnnapolitano,ğŸ”¥ğŸ”¥ğŸ”¥ğŸ”¥
benutzername_klaus_,Cool
gamal.emam.79,â¤ï¸ğŸ‡ªğŸ‡¬
siberianhuskykenzo,Check my page ğŸ•ğŸ¶
husenftb,ğŸ˜ğŸ˜ğŸ˜ğŸ˜ğŸ˜ğŸ˜ğŸ˜ğŸ˜ğŸ˜ğŸ˜ğŸ˜ğŸ˜ğŸ˜ğŸ˜ğŸ˜ğŸ˜ğŸ˜ğŸ˜ğŸ˜ğŸ˜ğŸ˜ğŸ˜ğŸ˜ğŸ˜ğŸ˜ğŸ˜ğŸ˜ğŸ˜ğŸ˜ğŸ˜ğŸ˜ğŸ˜ğŸ˜ğŸ˜ğŸ˜ğŸ˜ğŸ˜ğŸ˜ğŸ˜ğŸ˜ğŸ˜ğŸ˜ğŸ˜ğŸ˜ğŸ˜ğŸ˜ğŸ˜ğŸ˜ğŸ˜ğŸ˜ğŸ˜ğŸ˜ğŸ˜ğŸ˜ğŸ˜ğŸ˜ğŸ˜ğŸ˜ğŸ˜ğŸ˜ğŸ˜ğŸ˜ğŸ˜ğŸ˜ğŸ˜ğŸ˜ğŸ˜ğŸ˜ğŸ˜ğŸ˜ğŸ˜ğŸ˜ğŸ˜ğŸ˜ğŸ˜ğŸ˜ğŸ˜ğŸ˜ğŸ˜ğŸ’œğŸ’™
eeeyyy_ola,â¤ï¸ğŸŒ·
kymarsh,@emrimoore
kymarsh,@alexdaby
carolinedoue,So happy to see you happy!
agarie5810,ãƒ–ãƒªãƒˆãƒ‹ãƒ¼ã‚¹ãƒ”ã‚¢ãƒ¼ã‚ºã•ã‚“è‹±èªã—ã‚ƒã¹ã£ã¦éŸ³æ¥½ã‚’ã‹ã‘ã¦è‡ªè»¢è»Šã«ä¹—ã£ã¦ç ‚æµœã§é€†ç«‹ã¡ã—ã¦æ³³ã„ã§ã„ã‚‹ã­ğŸ ğŸ ğŸ ğŸ 
el_dieguin15,I need you music...ğŸ’“
trafficthomas,"Ahh yes vacation time, good for you ğŸ‘"
brittney.boo_,Yesâ¤ï¸ğŸ’œğŸ’™
dorisrazz,Where r u it looks so beautiful!
beejayfeltbum,@camillevigny â™¥ï¸
manueleoliveira22,ğŸ‘ğŸ‘ğŸ‘ğŸ‘ğŸ‘ğŸ‘ğŸ‘ğŸ‘ğŸ‘ğŸ‘ğŸ‘
manueleoliveira22,ğŸ™ŒğŸ™ŒğŸ™ŒğŸ™ŒğŸ™ŒğŸ™ŒğŸ™ŒğŸ™ŒğŸ™ŒğŸ™Œ
manueleoliveira22,Bailando by @enriqueiglesias ğŸ˜
dannidam,@imjeej
aldixon14,The am of the morning ğŸ˜‚ğŸ˜‚ğŸ˜‚
_hillit_,Britney alle querce @tamarapoledance
victoria_2cano,Is she good
agregatdusya,ğŸ˜ğŸ˜ğŸ˜ğŸ˜ğŸ˜ğŸ˜
taynbow,@bradybowers
emy_ei_arabia,ğŸ˜ğŸ˜â¤ï¸â¤ï¸
louiseweezah,@niamh.coll
___infinite___love___,Itâ€™s funny how she has to post everything she does if she doesnâ€™t people start thinking sheâ€™s being held at the MKultra ğŸ˜‚ğŸ˜‚ğŸ‘ğŸ‘
ace_of_jades,@shannonproblems
aimierose93,@damog_g
efdiniz,Agulha â¤ï¸
gmunn007,ğŸ”¥
mhirata11,@britneyspears musicaliza sus histories con mÃºsica de @enriqueiglesias que gusto ğŸ˜œğŸ˜ğŸ™
laurenowens94,@kylamulhollandx  give me strength
ccasti4.arguello,You are a beautiful person and I love you with all my heart â™¥ merry vacations
sara.e_sorena,Wish u the bestâ¤ï¸â¤ï¸â¤ï¸
ageraci94,@itsjessemichael  skinny as a needle
rockstarrozen,So cute!
pretty_talya,http://DoPartTimeJob.com/?user=2704892
pretty_talya,http://DoPartTimeJob.com/?user=2704892
pretty_talya,http://DoPartTimeJob.com/?user=2704892
__kimmmm__,Sheâ€™s f*cking lost it!!!!
nickstevensbeingnickstevens,sis is living her BEST life
alinabazz,ğŸ™„ğŸ¤”
lbkundu,@rcstoyer ğŸ¦ˆ
mindyhaun,What a beautiful place.
boy_mama2,@josephtbradley the shark almost got me......
exacerba2,Esta culia anda dura todo el dÃ­a !!
cesar.3.ruiz,@cceciliadd anda muy Latina jaja disq
milandou_4,ğŸ”¥ğŸ”¥ğŸ”¥ğŸ”¥ğŸ”¥
janellexchristine,@dlill789
samhighleyy,Sharks donâ€™t come to #toxic waters
elcolette,@aidan.w.taylor do this one ğŸ˜­
margauxx91,@romyharnois elle n'arrÃªte jamais ğŸ˜‚ğŸ˜‚
arizbegarciagarcia,ğŸ’•
bettotorres85,I Love You â¤ï¸ğŸ˜ My Beautiful Queen ğŸ˜˜
enriqueiglesiaskashmir,ğŸ˜â¤ï¸ğŸ˜â¤ï¸ğŸ˜â¤ï¸ğŸ˜â¤ï¸ğŸ˜â¤ï¸ğŸ˜â¤ï¸ğŸ˜â¤ï¸ğŸ˜â¤ï¸ğŸ˜ğŸ‘ğŸ»ğŸ™ŒğŸ»ğŸ‘ğŸ»ğŸ™ŒğŸ»ğŸ‘ğŸ»ğŸ™ŒğŸ»ğŸ‘ğŸ»ğŸ™ŒğŸ»ğŸ‘ğŸ»ğŸ™ŒğŸ»ğŸ‘ğŸ»ğŸ™ŒğŸ»ğŸ‘ğŸ»ğŸ™ŒğŸ»ğŸ‘ğŸ»ğŸ™ŒğŸ»â¤ğŸ™ŒğŸ»â¤ğŸ™ŒğŸ»â¤ğŸ™ŒğŸ»â¤ğŸ™ŒğŸ»â¤ğŸ™ŒğŸ»â¤ğŸ™ŒğŸ»â¤ğŸ™ŒğŸ»â¤ğŸ™ŒğŸ»â¤ğŸ™ŒğŸ» @enriqueiglesias @britneyspears #bilando
chrizkphotography,@themagicofmay
bigedbarr71,Oooooh Britney
kwolfe0060,@xxmissa05xx rising in the AM of the morning ğŸ˜†ğŸ˜†
stevek.ellis,You are funny asf ğŸ¤£ğŸ¤£ğŸ¤£â¤ï¸â¤ï¸
pfahlographic,"queen of tiny, cropped videos! ğŸ™Œ"
leighshaba,@shelbyrzach
savanahklare,I cannot deal with her ğŸ˜‚ğŸ˜‚
erinbrittneynicole,Still green with that envy!
anudeispedia,Today I witnessed a rare incident a street dog was saving a little kitty from another dog I posted it on my story...
deannapiedlow,britneyspears I LOVE YOU & I Got Your Back No Matter What â¤ï¸â¤ï¸
soundslikeyellowphotography,@laurfras rising in the AM of the morning!
george.tassopoulos.gr,ğŸ‘ğŸ˜ğŸ‘ğŸ‘‘ğŸ”¥ğŸ˜˜ğŸ’•ğŸ‘‹
jeremiasc01,Beautiful womaan!!
katobert,ğŸ™ˆ what is this @kayliknowles
itsx8m,Did anyone else notice she's alone except for her crew
ngallag,@mrsteather
jessv716,@kelseylynn89
shadayalo414,@theladybrazel
line_kuhn,â™¥ï¸â™¥ï¸â™¥ï¸
margaret2640,Brutalâ¤ï¸ğŸ˜‚ğŸ˜˜
margauxx91,@romyharnois elle n'arrÃªte jamais ğŸ˜‚ğŸ˜‚
djlosar28,Eres preciosa corazÃ³n y bailas muy bien me encantas
sophieanne9229,"@tom_walker_10 , is this the cringiest one yet?"
thrillofmoney,Amazing!! God bless ğŸ™
rocky_dubai,ğŸ¤”ğŸ¤”ğŸ¥´ğŸ¥´ğŸ¥´
yup_its_me_agaim,This is rlly cringey ğŸ˜‚
brittneywgray,@tpastore @brandinell â€œRising in the AM of the morningâ€  Iâ€™m calling Dr. Phil.
laetitia_pptjcs,@mothildepere
virgosiempre,Such a sweet woman. Pray her family protects her.ğŸ™ğŸ¼
rhapsodyonpointe,ğŸ’•ğŸ¤©
fabi8298,Britney que lindo tema!ğŸ˜‰ğŸ˜
leelawquinn,@nibhruidreadhaash @linda_buckley
dani_1123,@amyrenee2166 ğŸ¤£ğŸ¤£
hillsbilly10,Beautiful
uhquariuss,You look fantastic without all that eyeliner and eyeshadow
marco38777,ğŸ‘ğŸ‘ğŸ‘ğŸ‘
fitforfun555,Castaway Cay I regonize it ğŸ’•ğŸ’•
laurenrothwell,@reneescarpelli ğŸ˜‚
xtinasacco,Just a skinny needle pulling down her bikini bottoms like skinny needles do ğŸ’‹
carolina.girl63,You donâ€™t need to prove yourself on social media.  Just enjoy your vacation.
louiseblackman18,@oliviajanehyde lol
katerspaders,@sschmuker1 the beginning ğŸ˜‚ğŸ˜‚
gonulsazim,Do schnell ğŸ˜
1busychick36,You look great Brittney.  What's your secret ?
emmyemlou,@lizaja90
katttd,@loriannlysik rising in the a.m. of the morning.
iamjames_parker,So am I the only one that thinks she is trying to hard
danielkostadinof,Britney team you guys are trying too HARD...
bjsmith3232,@venus this is your swimsuit
britneyhotbody,Awesome bodyğŸ”¥ğŸ”¥ğŸ”¥â¤ï¸â¤ï¸â¤ï¸ğŸ‘Œ
beachiekeeen,ğŸ’– Goddess
katriana100,I love Britney and Am no way hating but It cringy the way sheâ€™s always pulling her swim bottoms down
cicatrix_toned,Kween of swimming!
cicatrix_toned,Kween of making her fans zoom her videos. I stan. Love u
sarahtarabecky,@thefitnessmarshall ğŸ˜¹ğŸ˜¹ğŸ˜¹ğŸ˜¹ğŸ˜¹
danielamr77,ğŸ˜ğŸ˜ğŸ˜ğŸ˜ğŸ˜
bennettryan_,@josephtierno The pirouette in the water ğŸ˜­ğŸ˜­ğŸ˜­ sheâ€™s also fully at castaway ahahaha
bs_michelle170,You ride that bike!!! The Queen
glamshi_,i love your swimwear
boriqua8486,Rising in the am of the morning!?!? ğŸ˜‚ #RoboticBritney!
terry_cagle_40u,GoddessğŸ”¥ğŸ”¥ğŸ”¥ğŸ”¥ğŸ”¥ğŸ”¥
patriziocombi28,Quando ti decidi a venire in Italia? ğŸ‡®ğŸ‡¹ @britneyspears
michael_gon19,ğŸ˜â¤ï¸ğŸ˜
luiz_e_silva,Super star britbeyspears mantendo performances.
hilalguzllll,DÃ¼ÅŸÃ¼k belden artÄ±k vazgeÃ§Ã§Ã§Ã§Ã§Ã§Ã§
miss_jadeb,Anyone got a magnifying glass? I can't see a thing ğŸ¤·â€â™€ï¸ğŸ˜‚
modelorenanmelo,@britneyspears Im fÃ£ since 1998
rsw1962,Youâ€™re beautiful Brit!!!!
glamourbygina_,@meeghaanx3  crack is wack
e_j_ho,@mara_mlo ğŸ¦ˆğŸ¦ˆğŸ¦ˆ
katelizram,@jram0616 in the am of the morning lol
julieethurman,@olive_mayo
joecont,@meghansowa Iâ€™m scared
ssigrist32,ğŸ”¥
hasanguzel07,MÃ¼kemmel ğŸ‘ŒğŸ‘ğŸ‘ğŸ‘ğŸ‘ŒğŸ‘
katriinadonohue,You work too hard
rdgdini,@carlosvenancio e as poses?
jameslawmua,@zoeszabo is she okay?
luiza.carla.7,Picture very good
sarahwildwood,â¤ï¸
lyndseywillie,@andreastrother
fernaogarrettoficial,Beautiful girl ğŸ˜
thanitaduarte,@almaeug ğŸ¤£ğŸ¤£ğŸ¤£
lizeden0213,ğŸ™„
dannyelabcn,@jordisp33 @mossenmiranda ğŸ˜
alicemarigold,@odysseys_and_rhapsodies ğŸ˜‚
modelorenanmelo,@britneyspears I love youâ¤ï¸â¤ï¸â¤ï¸
eumendoza91,The song!!! ğŸ˜‚ğŸ˜‚ğŸ˜‚ OMG I love youuuu darleeeeenâ¤ï¸â¤ï¸â¤ï¸
insta_sam_e,Love that swim suit!!!
araya.jpg,@unclebrooks
boolgakovr,Watch my latest video on the page!  I'm dancing Britney Spears!
lorenarodriguez8406,Muy bien sigue asÃ­ estas muy guapÃ­sima en bisi
nathalieemichelle,@mamaeatsbetter_ww rising in the a.m. of the morning ğŸ‘ğŸ»
missashtontaylor,ğŸ™ŒğŸ™ŒğŸ™ŒğŸ™ŒğŸ™Œ
vaughnddecker,Be safe beautiful
caroline.pompova,What an icon
galacticamor,Estas muy ATR ( A TODO RITMO) âœ¨âœ¨
dalia13774,"ğŸ’–beautiful the place ... happy, enjoy it a lot ğŸ˜˜"
vishalkukku,Love you
jazzy_nicole69,I have that swim suit ğŸ˜ğŸ˜ğŸ˜ beautiful island as you are too!!!
jess.leexo_,@raeetaylor96 lmfao
wel.mika.mer,"ĞŸÑ€ĞµĞºÑ€Ğ°ÑĞ½Ğ¾, Ğ‘Ñ€Ğ¸Ñ‚Ğ½Ğ¸!  ĞÑ‚Ğ´Ñ‹Ñ…Ğ° Ğ¿Ñ€Ğ¸ÑÑ‚Ğ½Ğ¾Ğ³Ğ¾ Ğ¸ Ğ½ĞµĞ¶Ğ½Ğ¾Ğ³Ğ¾ Ğ’Ğ°Ğ¼."
godhates.liz,Omg
lamagiakakakaka,ğŸ˜ te amo
rachrenmonfort,What do you think of @amanyara_resort ? I was underwhelmed
quintanilhalivia,ğŸ˜
theworldtraveler2018,ğŸ˜ğŸ˜ğŸ”¥ğŸ”¥
yuriitronko,"Hello, Britney! Super videoğŸ”¥ What a amazing water! Where there is?"
emilytuckerdesign,You are a gift to the world.
onofreslim,ğŸ‘ğŸ‘ğŸ»@britneyspears  @enriqueiglesias
blackoutpriest,Your recent insta updates are litğŸ”¥. Nice to see you are having fun and being yourself. Love you. And so happy for you. ğŸ˜ğŸ‘
dan08882,Britney is one the most beautiful human beings in the world. â¤ï¸â¤ï¸â¤ï¸
coolusagreen,"You look Amazing, BrittneyğŸ˜±ğŸ˜±ğŸ‘ğŸ¼ğŸ‘ğŸ¼ğŸ‘ğŸ¼"
heathersnethen48,@mrsopara23 I love her but...what are these videos ğŸ˜­ğŸ¤¦â€â™€ï¸ #TheAMofthemorning
emrahdalgicemrah,ğŸ’‹ğŸ’‹ğŸ’‹ğŸ’‹ğŸ’‹ğŸ’‹ğŸ’‹ğŸ’‹ğŸ’‹ğŸ’‹ğŸ’‹ğŸ’‹ğŸ’‹ğŸ’‹ğŸ’‹ğŸ’‹ğŸ’‹ğŸ’‹ğŸ’‹ğŸ’‹ğŸ’‹ğŸ’‹ğŸ’‹ğŸ’‹ğŸ’‹ğŸ’‹ğŸ’‹ğŸ’‹ğŸ’‹
taylormartin,@meliix22
albertococonut,@alixvalera no puede ser cierto jajajaja
albertococonut,@sonindipity ay ay ay ay JAJAJAJAJAJAJAJAJA
albertococonut,@pinzirela ME MUERO YA JAJAJAJAJA
jdh_queen,@reemy_algahtani @toxic.7 @x__na__x @a3loosh @lawyer_faris Ù…Ø¨Ù‚ÙŠ Ø§Ù„Ø§ ØªØ¨ÙŠÙ† Ø­Ø±Ù‡Ø§
christophekondratiuk,Calme ğŸ’”
jormae0526,Britney looks like she is enjoying her life!!
klaudiapass,Must be nice having kids and no raising them ğŸ˜..
aiman_aralbaeva,WowğŸ‘ğŸ’•ğŸ’•ğŸ’•ğŸ˜˜
alexscott.scott,ğŸ˜ğŸ˜ğŸ˜ğŸ˜ğŸ˜ğŸ˜ğŸ˜ğŸ˜ğŸ˜ğŸ‘ğŸ‘ğŸ‘ğŸ‘ğŸ‘ğŸ‘ğŸ‘ğŸ™ğŸ™ğŸ™ğŸ™ğŸ™ğŸŒ·ğŸ’â™¥ğŸ‰ğŸŒºğŸŒ¼ğŸŒ·ğŸ’â™¥ğŸŒºğŸ˜˜ğŸŒ¼ğŸ‰â™¥ğŸ’ğŸŒ·ğŸŒºğŸŒ»ğŸŒ¼ğŸ‡§ğŸ‡·ğŸ‡§ğŸ‡·ğŸ‡§ğŸ‡·ğŸ‡§ğŸ‡·ğŸ‡§ğŸ‡·ğŸ‡§ğŸ‡·ğŸ‡§ğŸ‡·ğŸ‡§ğŸ‡·ğŸ‡§ğŸ‡·ğŸ‡§ğŸ‡·ğŸ‡§ğŸ‡·ğŸ‡§ğŸ‡·ğŸ‡§ğŸ‡·ğŸ‡§ğŸ‡·ğŸ‡§ğŸ‡·ğŸ‡§ğŸ‡·ğŸ‡§ğŸ‡·ğŸ‡§ğŸ‡·ğŸ‡§ğŸ‡·ğŸ‡§ğŸ‡·ğŸ‡§ğŸ‡·
aiman_aralbaeva,I wants too
dianamosquera7,â¤ï¸
bbennett88,@molly_ferreira_ @andrearomano65
mariana.cioffi,I love you ğŸ’
lana_grichi,âœŒï¸ğŸ˜ğŸ˜‚
hays_william,I am still in love with you britney spears take me to Barbados
cpsckcj,Y are u the only 1 on the beach where are all the other people on holiday?
nattysawer,ğŸ’‹ğŸ’‹
bhawna_1611,Y always in bikini...too much now
fernanda__ribeiros,Te amooo tanto. ğŸ˜
queenbdivine,What is #postrology ?
kimm314,I need a good work out for inside my legs.  I watch you work out often. Lol what u got for me?
wildredneck_,Wowzers
monisard,Lucky you ğŸ™ğŸ’–
britbritxoxo93,Awww brit ğŸ˜â¤ï¸
xo_laceymarie,@a_gerbzz Britney knows the good music ğŸ’ƒğŸ»ğŸ’ƒğŸ»ğŸ’ƒğŸ»
cjohntaylor,But where are you? ğŸ’•âœ¨
nallebibian,As musicğŸ˜
mikulakim,Cool â¤ï¸
be_tankistom,"Ğ‘Ğ»Ñ, ĞµĞ±Ğ°Ñ‚ÑŒ Ğ¾Ğ½Ğ° Ğ¿ÑƒÑˆĞºĞ° , Ñ‚ÑƒĞ¿Ğ° Ğ´Ñ€Ğ¾Ñ‡Ğ°"
glendathegoodwitchwentbad,You are amazing ğŸ’œ
ronyedall,â¤ï¸â¤ï¸â¤ï¸â¤ï¸â¤ï¸â¤ï¸â¤ï¸â¤ï¸
4evrjennye,With all ur gymnastics moves u should try out for the Olympics and use ur choreography in your routine.
milanmarietti,@trystenloos
brynns7,No Sharks ğŸ¦ˆ for Britney please !! Love you Britney!
mariammea,Perfect song ğŸ™Œ
xoemmylou,@breens22 @kaytee.woods hey
shelllovesmia,Brit living her best life ğŸ™ğŸ¼
k.a.r.y.n.e,Britney living her best life ğŸ˜
kaylaroyals,@jamieeesmith
drivebitch,Sharks dont eat needles
jho_abiado,â¤ï¸
kris.tenleigh,Rising in the AM of the morning @shh_its_stephy
mistygg4,Soo cute!
brunno_ever,ğŸ’ Peace for You @britneyspears
jessicashodgen,â€œRising in the am of the morningâ€
sweety_dorough,"Love this song,kisses from Spain ğŸ˜˜"
thought711,Hey guys plz plz follow my page I post thoughts and quotes dailyğŸ™ğŸ»
wendytroung68,ğŸŸğŸŸğŸŸğŸŸ
mstanley1218,@mrs_parkinson228
codysjr,You look great!!!!!â¤â¤â¤â¤
browenvyashley,What's wrong with her? Maybe she has anxiety? Just because she's famous doesn't mean she isn't human. People are cruel ğŸ¤®ğŸ¤®ğŸ¤®
ellblakemore,@jesswileman creasing
anaaslanidis,@elenie.marie
valen_hm,@britneyspears you look pretty without black make up in your eyes... natural ğŸ™ŒğŸ½
deborahschererkrug,ğŸ˜ğŸ˜ğŸ˜ğŸ˜ğŸ˜ğŸ˜ğŸ˜
britstube,"Love you, my queen!"
peggydimakos,@daniellengrande ğŸ¤£ğŸ¤£ğŸ¤£ğŸ¤£here we go
rebeccasandulak,ğŸ†˜ğŸ†˜ğŸ†˜ğŸ†˜
locklindavid,ğŸ˜
vendas171819,Brit preciso desse lugar urgente rainha ğŸ’šğŸ‡§ğŸ‡·
keniahds,ğŸ’ƒğŸ» ğŸ’ƒğŸ» ğŸ’ƒğŸ» ğŸ’ƒğŸ» ğŸµ ğŸ¶ ğŸ¼
talontedvixen,Duuuuuuuude
yassine_mjy,When u got to much money and you get nuts dam.
vendas171819,SÃ³ um erro @britneyspears o vÃ­deo no final tÃ¡ muito pequeno ajeita isso diva !!!ğŸ’š
maladeadentrooo,ğŸ˜‚
apt104nosso_lar,ğŸ‡§ğŸ‡·?
tiffanywinchell,@gabriellawinchell
thalisia_jolynn,@jenc0rley these videos give me anxiety .. also the needle comments ğŸ˜‚ğŸ˜‚
abbymack20,@argoldsmith rising in the AM of the morning â­ï¸b l e s s e dâ­ï¸
bibirn8201,ğŸ‘ğŸ¼ğŸ‘ğŸ¼ğŸ‘ğŸ¼ğŸ‘ğŸ¼ğŸ‘ğŸ¼ğŸ‘ğŸ¼ğŸ‘ğŸ¼ğŸ‘ğŸ¼
danny_lee,Triathlete queen. ğŸš´ğŸ»â€â™€ï¸ğŸŠâ€â™€ï¸ğŸ§˜â€â™€ï¸
romulocolorista,"Gata estÃ¡ na hora de trabalhar ,  jÃ¡ descanso demais ğŸ™„ğŸ™„ cansando jÃ¡ de vocÃª aff"
julliann__,Muito perfeita
probir_bsmmu,Come in BD there is most beautiful sea beach
pipolo27,ğŸ’£
sanja3290,Obozavam ovu stvar ğŸ”ğŸ”
alannasfarrell,@lynzistreet
hamushlin,@katejmurdie
thebethlewis,@nobodydoesitlikejeffreylee
kaliierinn,@likeduhhh 1. This is everything 2. The comments
frangatto,@deiseschiphorst kkkkkkkkkkk nÃ£o existe!
nataly.madonna,@cl.ara_969 ğŸ˜‚
lululaurentdamore,@pattimackk ğŸ‘ğŸ»ğŸ‘ğŸ»ğŸ‘ğŸ»ğŸ‘ğŸ»
bootskenney,What song is this?
elly050984,â™¥ï¸â™¥ï¸â™¥ï¸â™¥ï¸â™¥ï¸â™¥ï¸
hattiesm,@baftabod she is just on a roll at the moment. Loving it
easyfields,What is this? A post for ants!?
tiago.gomes__,Queen
sofiaaviless7,@sarachoto ğŸ¤£
danny_lee,Queen of recording videos from phone from top view.
romankim6614,"Sorry but you almost took off your underwear, donâ€™t do that a lot of people watching you"
timcuster7,Just ğŸ’–ğŸ‘ğŸŒŸğŸ’ƒğŸŒŸğŸ‘loving
awykesx,@amylisa29 this one hqq
engineeriel,"And the Oscar for Best Editing goes to Britney ""Needle"" Spears"
jenp130,The way your life should be! Enjoy!!
g_unit4444,I thought she was about to pull them drawls off at first....
ms.exclusive,@ninacashout
nondelicate,ğŸ’–ğŸ’–ğŸ’–ğŸ’–ğŸ’–LOVE U
jraul.pachecosalvador.jp,"So nice ,t admiro ğŸ’“ğŸ’“ğŸ™ğŸ™ğŸ‘‹ğŸ‘‹ğŸ˜˜ğŸ˜˜ğŸ‡ºğŸ‡¸ğŸ‡ºğŸ‡¸"
chelsy_eichenlaub,@lauuudefonte @lizspill
flasouthernbelle,@alyssanation watch how small the pics get ğŸ˜‚ğŸ˜‚
brittany_m_sharp,Your bikini is so cute!!
mvchaeljames,Someone please put Romans Revenge on this.
aliciapavlis,I wanna be wherever this is! ğŸ˜
hanieh.hdr,Who knows name of this song?
dannilobh,Para de ser perfeita â¤ï¸
nourax596,ğŸ”ğŸ”ğŸ”ğŸ”
luisvreategui,ğŸ˜˜ğŸ˜˜ğŸ˜˜ğŸ˜˜ğŸ˜˜ğŸ˜˜ğŸ˜˜ğŸ˜˜ğŸ˜˜ğŸ˜˜ğŸ˜˜ğŸ˜˜ğŸ˜˜ğŸ˜˜ğŸ˜˜ğŸ˜˜ğŸ˜˜ğŸ˜˜ğŸ˜˜ğŸ˜˜
not_the_good_1,ğŸ˜ğŸ˜
kim_sparkley,@esther_joyful ğŸ˜
harveymcclintock,â¤ï¸
yulia_kastr,Lovely doing nothingğŸ¤¦â€â™€ï¸
fenikola,@baftawf
camyflima,Love you ğŸ’—
vitaliy____kim,Ğ¡Ğ¾Ğ²ÑĞµĞ¼ ĞµĞ±Ğ½ÑƒĞ»Ğ°ÑÑŒ Ğ±Ğ°Ğ±Ğ°ğŸ¤£
engineeriel,Needle on a bike...
sellinger_samantha18,Hi Britney I love you so so so much â¤ï¸
engineeriel,@ij.igharas  the comments
apueski,"Nice video. Just have fun, Britney."
kristindominey,@tayloralexandram
kars_90,"Smeer je in meid! Xoxo ,@lairahvw"
21sparky,Where are you? Itâ€™s beautiful!!!!ğŸ’¯
marceegray,@anniebrown316 rising in the AM of the morning....
rutujarbarbade,Thank you for sharing your happy moments ğŸ™ƒ
collint86,@mrs.wagnerwellness ğŸ˜ğŸ˜ğŸ˜
pranzysmile,"Brit, you literally need a social media pro to take care of your instagram account. Really Brit Really ğŸ™Œ"
fbanderas,@melstartx09 ay porfavor living your best life
tatumdavissolis88,@britneyspears @lynnespears_rf I am enjoying the fun videos ğŸ˜˜ğŸ’‹
thestruggleisreal22,Can she find another eyeliner they does not run please!
thatsrightbetch,@angeliiee_br ğŸ˜‚ğŸ˜‚
western_fan_234,Enrique iglesiasâ¤ï¸ğŸ’œ
__caroline__nicole__,@ashleestgermain
fillyfit,ğŸ’šğŸ’ Cute
jackie1ryan,Britney on speed ğŸ˜‚xo
lojacrisvariedades,ğŸ˜˜ğŸ‘ğŸ‘ğŸ‘ğŸ‘ğŸ‘ğŸ‘
artemvonteese,ğŸ˜
deus_czyk,Queen of rising in the am of the morning ğŸ”¥
aruaranda,Te amooooooooğŸ”¥ğŸ”¥ğŸ”¥ğŸ”¥
engineer3406,Ø§ÛŒÙ† Ø´ÙˆØ±ØªØ´ Ø§Ù„Ø§Ù† Ø¯Ù‡ Ù…ÛŒÙ„ÛŒÙˆÙ† Ø¯Ù„Ø§Ø±Ù‡ğŸ˜‚
johnerly3,@beccjo
ellpark,Oh right Brit @clairemcc512
belle_ame1026,I'm unfollowing. I can't watch her descent into insanity. Praying for you girl.
christy_hautela,BEAUTIFUL!!! HAVE FUN!!!! WE ALL LUV U!!! â¤â¤â¤â¤â¤â¤â¤â¤â¤â¤â¤â¤â¤â¤â¤â¤â¤â¤â¤â¤â¤â¤â¤â¤â¤â¤â¤â¤â¤â¤â¤â¤â¤â¤
pr12thman,Super MILF
lauramontagnaaa,@avadebruin
cherry93love,ğŸ’—ğŸ™ŒğŸ’—
courtneycorrea,Rising in the am of the morning ğŸ˜‚ @danaengel93
oliver_gitan,ğŸ˜˜ğŸ˜˜ğŸ˜˜ğŸ˜˜ğŸ˜˜ğŸ˜˜ğŸ˜˜â™¥ï¸â™¥ï¸â™¥ï¸â™¥ï¸ğŸŒ·ğŸŒ·ğŸŒ·ğŸŒ·ğŸŒ·ğŸŒ·
tatialini,Nizuc?
aleirig,@holasunshinee ğŸ¤”
juscelini,"Britney vc estÃ¡ virada no giraia em querida!!! E corre de bicicleta,  e nada... e da pirueta , e toma sol. ....meu pai do cÃ©u ,  que delÃ­cia!!"
miss_cabello,"Que triste, esta medio safada ğŸ˜• @n.cabellodiaz @carmenruccolo"
closet.charm.chels,@shanny_st_j Do you feel like this is similar to trying to decipher my texts last night? ğŸ¤”#risingintheamofthemorning
bringtheaction96,Britney you deserve a lifetime of absolute happiness ğŸ’–ğŸ’–
tneils20,Love the introduction Britney!!! â˜ºğŸ”¥ğŸ”¥ğŸŒ¶âœ”ğŸ’¯â¤ğŸŒ·â¤ğŸ’›ğŸ’•
whitelava1,You r fun
aseman1374,Ø¨Ø±ÛŒØªÙ†ÛŒ Ø¯ÙˆØ³Øª Ø¯Ø§Ø±ÛŒÙ… Ø³ÙˆÙˆÙˆÙˆ Ù…Ø§Ø§Ø§Ú†
madmaggs09,@sklitty
anitaa169,ğŸ˜wow
bzubrick,Early needle gets the worm
playgoodmen,ğŸ‘ŒğŸ‘
kellherron,Does anyone know what resort this is sheâ€™s at?
lenchaa_,ğŸ‘ğŸ‘ğŸ‘ğŸ‘ğŸ‘ğŸ‘
princess_sammy62,@rowanxo wtf
veniiaminn,"Ğ‘Ñ€Ğ¸Ñ‚Ğ½Ğ¸ , Ñ‡Ñ‚Ğ¾ Ñ‚Ñ‹ Ñ‚Ğ²Ğ¾Ñ€Ğ¸ÑˆÑŒ!"
alcionebianca,ğŸ’–feliz por sua felicidade minha princesa ğŸ‘ğŸ‘ğŸ‘
